,Date,LSE (GBp),NYSE (USD)
0,24/04/2026,4239.00,58.64
1,23/04/2026,4225.50,57.53
2,22/04/2026,4218.00,57.12
3,21/04/2026,4260.00,57.73
4,20/04/2026,4284.50,58.23
5,17/04/2026,4232.50,58.19
6,16/04/2026,4256.50,57.6
7,15/04/2026,4269.50,58.02
8,14/04/2026,4269.50,58.14
9,13/04/2026,4298.00,58.06
10,10/04/2026,4302.00,58.83
11,09/04/2026,4313.00,57.4
12,08/04/2026,4251.00,58.2
13,07/04/2026,4220.00,56.01
14,02/04/2026,4205.50,55.43
15,01/04/2026,4230.50,55.1
16,31/03/2026,4555.50,58.56
17,30/03/2026,4500.00,59.74
18,27/03/2026,4500.00,59.8
19,26/03/2026,4504.00,60.53
20,25/03/2026,4539.00,60.97
21,24/03/2026,4528.50,60.55
22,23/03/2026,4564.50,61.84
23,20/03/2026,4625.00,62.12
24,19/03/2026,4652.50,61.88
25,18/03/2026,4875.00,63.44
26,17/03/2026,4891.00,65.44
27,16/03/2026,4839.00,65.23
28,13/03/2026,4792.00,64.46
29,12/03/2026,4837.00,65.13
30,11/03/2026,4879.50,65.9
31,10/03/2026,4915.00,66.03
32,09/03/2026,4926.00,65.98
33,06/03/2026,5036.00,66.33
34,05/03/2026,5134.00,67.83
35,04/03/2026,5163.00,69.1
36,03/03/2026,5299.00,69.02
37,02/03/2026,5434.00,72.15
38,27/02/2026,5369.00,73.33
39,26/02/2026,5368.00,73.51
40,25/02/2026,5480.00,73.38
41,24/02/2026,5473.00,74.5
42,23/02/2026,5420.00,73.11
43,20/02/2026,5323.00,72.6
44,19/02/2026,5321.00,72.16
45,18/02/2026,5383.00,73.09
46,17/02/2026,5413.00,74.32
47,13/02/2026,5340.00,74.28
48,12/02/2026,5360.00,71.98
49,11/02/2026,5236.00,72.4
50,10/02/2026,5175.00,71.64
51,09/02/2026,5216.00,71.57
52,06/02/2026,5235.00,71.49
53,05/02/2026,5198.00,71.15
54,04/02/2026,5033.00,70.62
55,03/02/2026,4983.50,67.78
56,02/02/2026,5000.00,68.91
57,30/01/2026,4864.50,68.16
58,29/01/2026,4776.00,67.1
59,28/01/2026,4847.00,66.6
60,27/01/2026,4852.00,67.58
61,26/01/2026,4864.00,66.79
62,23/01/2026,4816.00,65.88
63,22/01/2026,4783.50,64.93
64,21/01/2026,4790.50,65.38
65,20/01/2026,4751.00,64.04
66,16/01/2026,4774.00,64.41
67,15/01/2026,4814.00,64.38
68,14/01/2026,4777.00,64.73
69,13/01/2026,4759.00,64.31
70,12/01/2026,4770.00,64.38
71,09/01/2026,4712.50,63.6
72,08/01/2026,4594.50,61.86
73,07/01/2026,4744.00,63.04
74,06/01/2026,4681.00,63.93
75,05/01/2026,4822.50,63.39
76,02/01/2026,4851.50,65.31
77,31/12/2025,4863.50,65.64
78,30/12/2025,4834.50,65.54
79,29/12/2025,4860.00,65.68
80,24/12/2025,4860.00,65.44
81,23/12/2025,4825.50,65.35
82,22/12/2025,4882.00,65.2
83,19/12/2025,4861.50,65.24
84,18/12/2025,4926.00,65.42
85,17/12/2025,4781.50,64.92
86,16/12/2025,4869.50,64.81
87,15/12/2025,4844.50,64.97
88,12/12/2025,4832.50,64.42
89,11/12/2025,4725.50,64.71
90,10/12/2025,4799.00,64.3
91,09/12/2025,4679.50,62.35
92,08/12/2025,4884.75,62.87
93,05/12/2025,4739.03,66.41
94,04/12/2025,4727.25,66.96
95,03/12/2025,4804.38,67.05
96,02/12/2025,4901.86,66.87
97,01/12/2025,4867.58,68.67
98,28/11/2025,4877.22,67.8
99,26/11/2025,4864.37,67.76
100,25/11/2025,4833.30,67.48
101,24/11/2025,4911.50,67.65
102,21/11/2025,4841.87,67.24
103,20/11/2025,4796.88,66.34
104,19/11/2025,4797.95,66.94
105,18/11/2025,4785.10,66.67
106,17/11/2025,4774.38,66.78
107,14/11/2025,4853.65,67.28
108,13/11/2025,4919.00,67.95
109,12/11/2025,4908.29,68.28
110,11/11/2025,4954.35,69.05
111,10/11/2025,4953.28,68.63
112,07/11/2025,4891.15,68.01
113,06/11/2025,4912.57,68.55
114,05/11/2025,4968.27,68.58
115,04/11/2025,4912.57,68.04
116,03/11/2025,4894.36,67.89
117,31/10/2025,4934.00,67.97
118,30/10/2025,4907.21,68.55
119,29/10/2025,4965.06,69.21
120,28/10/2025,5034.69,69.83
121,27/10/2025,5012.19,70.3
122,24/10/2025,4946.85,70.26
123,23/10/2025,4981.13,71.06
124,22/10/2025,4963.99,69.75
125,21/10/2025,4966.13,69.93
126,20/10/2025,4939.35,70.52
127,17/10/2025,4913.64,70.14
128,16/10/2025,4846.16,68.91
129,15/10/2025,4882.58,67.76
130,14/10/2025,4842.94,67.8
131,13/10/2025,4839.73,67.17
132,10/10/2025,4777.60,67.02
133,09/10/2025,4689.76,66.4
134,08/10/2025,4670.48,66.39
135,07/10/2025,4660.84,65.63
136,06/10/2025,4668.33,65.9
137,03/10/2025,4697.26,66.44
138,02/10/2025,4659.77,66.24
139,01/10/2025,4720.82,67.07
140,30/09/2025,4679.05,66.5
141,29/09/2025,4686.55,66.38
142,26/09/2025,4747.60,66.72
143,25/09/2025,4756.17,67.71
144,24/09/2025,4779.74,67.5
145,23/09/2025,4777.60,68.02
146,22/09/2025,4855.80,68.79
147,19/09/2025,4848.30,69.55
148,18/09/2025,4883.65,69.56
149,17/09/2025,4864.37,70
150,16/09/2025,4881.51,70.02
151,15/09/2025,4957.56,70.53
152,12/09/2025,4989.70,71.28
153,11/09/2025,4958.63,70.57
154,10/09/2025,4967.20,70.75
155,09/09/2025,5036.83,70.67
156,08/09/2025,5060.40,71.88
157,05/09/2025,5153.59,72.72
158,04/09/2025,5101.10,72.64
159,03/09/2025,5058.26,71.61
160,02/09/2025,4976.84,71.44
161,29/08/2025,4945.78,70.62
162,28/08/2025,4961.85,69.98
163,27/08/2025,4909.36,69.67
164,26/08/2025,4939.35,69.91
165,22/08/2025,5017.55,71.06
166,21/08/2025,5030.40,71.1
167,20/08/2025,4898.65,70.85
168,19/08/2025,4844.01,69.05
169,18/08/2025,4794.74,68.57
170,15/08/2025,4831.16,69.01
171,14/08/2025,4854.73,69.41
172,13/08/2025,4806.52,69.38
173,12/08/2025,4835.44,68.55
174,11/08/2025,4826.87,68.43
175,08/08/2025,4866.51,68.65
176,07/08/2025,4851.51,68.92
177,06/08/2025,4830.09,67.84
178,05/08/2025,4804.38,67.46
179,04/08/2025,4865.44,67.62
180,01/08/2025,4780.81,67.75
181,31/07/2025,4799.02,66.26
182,30/07/2025,4739.03,66.92
183,29/07/2025,4719.75,66.77
184,28/07/2025,4795.81,67.25
185,25/07/2025,4822.59,67.68
186,24/07/2025,4780.81,68.61
187,23/07/2025,4789.38,67.83
188,22/07/2025,4716.54,67.39
189,21/07/2025,4750.82,67.16
190,18/07/2025,4776.53,67.38
191,17/07/2025,4770.10,67.24
192,16/07/2025,4799.02,67.51
193,15/07/2025,4853.65,68.16
194,14/07/2025,4811.88,68.73
195,11/07/2025,4849.37,68.58
196,10/07/2025,4786.17,68.63
197,09/07/2025,4797.95,68.27
198,08/07/2025,4799.02,68.47
199,07/07/2025,4826.87,69.08
200,03/07/2025,4818.30,68.86
201,02/07/2025,4793.67,68.2
202,01/07/2025,4773.31,68.83
203,30/06/2025,4755.10,68.54
204,27/06/2025,4700.47,68.29
205,26/06/2025,4799.02,68.66
206,25/06/2025,4885.79,69.39
207,24/06/2025,4978.99,70.78
208,23/06/2025,4856.87,68.92
209,20/06/2025,4932.92,69.55
210,18/06/2025,4960.78,70.18
211,17/06/2025,4924.35,70.49
212,16/06/2025,4929.71,70.9
213,13/06/2025,4973.63,71.01
214,12/06/2025,4956.49,71.3
215,11/06/2025,4999.34,70.76
216,10/06/2025,4970.42,71.06
217,09/06/2025,4966.13,70.43
218,06/06/2025,4988.63,70.53
219,05/06/2025,4981.13,71.21
220,04/06/2025,4975.77,70.65
221,03/06/2025,5006.84,70.84
222,02/06/2025,5022.91,71.4
223,30/05/2025,5046.47,71.53
224,29/05/2025,5041.12,71.13
225,28/05/2025,5040.04,70.95
226,27/05/2025,5034.69,71.73
227,23/05/2025,5048.61,71.25
228,22/05/2025,5076.47,70.92
229,21/05/2025,5052.90,71.34
230,20/05/2025,5003.62,70.62
231,19/05/2025,4966.13,69.75
232,16/05/2025,4954.35,69.02
233,15/05/2025,4853.65,69.05
234,14/05/2025,4879.36,68.51
235,13/05/2025,4986.48,68.51
236,12/05/2025,5052.90,68.93
237,09/05/2025,5068.97,70.45
238,08/05/2025,5169.66,70.91
239,07/05/2025,5123.60,71.85
240,06/05/2025,5152.52,72.24
241,02/05/2025,5076.47,71.57
242,01/05/2025,5136.45,71.17
243,30/04/2025,5059.33,71.64
244,29/04/2025,5028.26,70.55
245,28/04/2025,5041.12,70.83
246,25/04/2025,5083.96,70.61
247,24/04/2025,5088.25,71.85
248,23/04/2025,5244.65,71.79
249,22/04/2025,5168.59,73.31
250,17/04/2025,5059.33,71.08
251,16/04/2025,5065.75,70.66
252,15/04/2025,5040.04,69.65
253,14/04/2025,5045.40,69.11
254,11/04/2025,4924.35,68.51
255,10/04/2025,4865.44,66.79
256,09/04/2025,4862.22,64.64
257,08/04/2025,4838.66,66.08
258,07/04/2025,4865.44,64.77
259,04/04/2025,5149.31,69.8
260,03/04/2025,4967.20,70.14
261,02/04/2025,4940.42,67.5
262,01/04/2025,4952.21,67.3
263,31/03/2025,4909.36,67.04
264,28/03/2025,4827.95,66.57
265,27/03/2025,4816.16,65.46
266,26/03/2025,4812.95,64.9
267,25/03/2025,4809.73,65.76
268,24/03/2025,4880.43,65.88
269,21/03/2025,4908.29,66.12
270,20/03/2025,4864.37,66.4
271,19/03/2025,4826.87,66.05
272,18/03/2025,4940.42,66.13
273,17/03/2025,4841.87,66.89
274,14/03/2025,4863.30,65.79
275,13/03/2025,4884.72,65.9
276,12/03/2025,4937.21,66.67
277,11/03/2025,5034.69,67.57
278,10/03/2025,4912.57,68.21
279,07/03/2025,4855.80,66.43
280,06/03/2025,4841.87,65.5
281,05/03/2025,4890.08,65.38
282,04/03/2025,4894.36,66.25
283,03/03/2025,4805.45,64.44
284,28/02/2025,4757.25,63.75
285,27/02/2025,4672.62,63.43
286,26/02/2025,4722.97,62.92
287,25/02/2025,4707.97,62.36
288,24/02/2025,4734.75,63.14
289,21/02/2025,4676.90,62.28
290,20/02/2025,4729.39,61.67
291,19/02/2025,4656.55,61.65
292,18/02/2025,4696.19,61.35
293,14/02/2025,4782.95,62.65
294,13/02/2025,4882.58,62.25
295,12/02/2025,5087.18,66.13
296,11/02/2025,5062.54,65.9
297,10/02/2025,5029.33,65.86
298,07/02/2025,4987.56,65.5
299,06/02/2025,4991.84,65.28
300,05/02/2025,4899.72,65.36
301,04/02/2025,4956.49,64.81
302,03/02/2025,4922.21,64.05
303,31/01/2025,5013.26,64.88
304,30/01/2025,4953.28,65.36
305,29/01/2025,4936.14,64.72
306,28/01/2025,4983.27,65.5
307,27/01/2025,4867.58,64.87
308,24/01/2025,4902.93,63.74
309,23/01/2025,4892.22,63.66
310,22/01/2025,4940.42,63.73
311,21/01/2025,4946.85,63.89
312,17/01/2025,4882.58,63.02
313,16/01/2025,4789.38,61.67
314,15/01/2025,4789.38,61.95
315,14/01/2025,4824.73,61.56
316,13/01/2025,4826.87,61.74
317,10/01/2025,4910.43,62.58
318,08/01/2025,4808.66,62.53
319,07/01/2025,4737.96,63.05
320,06/01/2025,4841.87,62.51
321,03/01/2025,4895.43,64.16
322,02/01/2025,4864.37,64
323,31/12/2024,4840.80,63.97
324,30/12/2024,4899.72,64.32
325,27/12/2024,4893.29,64.42
326,24/12/2024,4878.29,64.22
327,23/12/2024,4838.66,64.43
328,20/12/2024,4905.07,64.08
329,19/12/2024,4909.36,64.91
330,18/12/2024,4988.63,66.04
331,17/12/2024,5010.05,66.34
332,16/12/2024,4985.41,66.33
333,13/12/2024,4973.63,66.34
334,12/12/2024,4910.43,65.88
335,11/12/2024,4910.43,66.31
336,10/12/2024,4936.14,65.88
337,09/12/2024,4939.35,65.91
338,06/12/2024,5011.12,67.1
339,05/12/2024,5016.48,66.93
340,04/12/2024,5017.55,66.27
341,03/12/2024,5059.33,67.37
342,02/12/2024,5055.04,67.46
343,29/11/2024,5049.69,67.16
344,27/11/2024,5044.33,67.21
345,26/11/2024,5025.05,66.69
346,25/11/2024,5032.55,66.32
347,22/11/2024,4890.08,65.55
348,21/11/2024,4848.30,64.37
349,20/11/2024,4879.36,64.69
350,19/11/2024,4879.36,64.7
351,18/11/2024,4876.15,64.44
352,15/11/2024,4853.65,64.23
353,14/11/2024,4829.02,64.63
354,13/11/2024,4823.66,64.51
355,12/11/2024,4837.59,64.81
356,11/11/2024,4878.29,65.81
357,08/11/2024,4878.29,66.03
358,07/11/2024,4890.08,66.98
359,06/11/2024,5089.32,67.55
360,05/11/2024,5076.47,69.04
361,04/11/2024,5066.83,69.44
362,01/11/2024,5023.98,69.49
363,31/10/2024,5057.18,68.54
364,30/10/2024,5109.67,69.3
365,29/10/2024,5179.30,70.03
366,28/10/2024,5118.24,70.07
367,25/10/2024,5127.88,69.73
368,24/10/2024,5097.89,70.12
369,23/10/2024,5057.18,67.76
370,22/10/2024,5107.53,69.49
371,21/10/2024,5155.74,70.47
372,18/10/2024,5151.45,70.43
373,17/10/2024,5216.79,71.08
374,16/10/2024,5211.44,71.17
375,15/10/2024,5188.94,71.47
376,14/10/2024,5136.45,70.57
377,11/10/2024,5111.82,70.66
378,10/10/2024,5142.88,70.49
379,09/10/2024,5150.38,70.47
380,08/10/2024,5092.53,70.52
381,07/10/2024,5127.88,70.49
382,04/10/2024,5125.74,70.03
383,03/10/2024,5205.01,71.37
384,02/10/2024,5228.58,72.36
385,01/10/2024,5186.80,72.78
386,30/09/2024,5250.00,73.64
387,27/09/2024,5221.08,73.76
388,26/09/2024,5277.85,72.81
389,25/09/2024,5183.59,73.56
390,24/09/2024,5199.66,72.7
391,23/09/2024,5198.58,72.8
392,20/09/2024,5187.87,72.46
393,19/09/2024,5247.86,72.62
394,18/09/2024,5272.50,73.02
395,17/09/2024,5353.91,72.98
396,16/09/2024,5288.57,73.73
397,13/09/2024,5297.14,73.09
398,12/09/2024,5354.98,72.78
399,11/09/2024,5368.91,73.29
400,10/09/2024,5373.19,73.71
401,09/09/2024,5347.48,73.64
402,06/09/2024,5301.42,73.63
403,05/09/2024,5308.92,73.49
404,04/09/2024,5292.85,73
405,03/09/2024,5286.42,72.9
406,30/08/2024,5293.92,72.89
407,29/08/2024,5209.30,72.32
408,28/08/2024,5186.80,72.03
409,27/08/2024,5173.95,72
410,23/08/2024,5131.10,70.76
411,22/08/2024,5120.39,70.76
412,21/08/2024,5055.04,69.27
413,20/08/2024,5064.68,68.85
414,19/08/2024,5049.69,68.69
415,16/08/2024,5098.96,68.76
416,15/08/2024,5087.18,68.73
417,14/08/2024,5093.61,68.06
418,13/08/2024,5049.69,67.95
419,12/08/2024,5060.40,67.79
420,09/08/2024,5092.53,68.28
421,08/08/2024,5120.39,68.78
422,07/08/2024,5152.52,68.95
423,06/08/2024,5098.96,67.67
424,05/08/2024,5229.65,68.24
425,02/08/2024,5156.81,70.04
426,01/08/2024,5119.31,69.02
427,31/07/2024,5100.03,68.88
428,30/07/2024,5064.68,68.3
429,29/07/2024,5078.61,68.61
430,26/07/2024,4980.06,68.02
431,25/07/2024,4927.57,67.58
432,24/07/2024,4725.11,63.47
433,23/07/2024,4805.45,64.95
434,22/07/2024,4829.02,65.62
435,19/07/2024,4814.02,65.55
436,18/07/2024,4841.87,65.87
437,17/07/2024,4712.25,64.91
438,16/07/2024,4695.12,64.29
439,15/07/2024,4749.75,64.79
440,12/07/2024,4724.04,64.36
441,11/07/2024,4729.39,64.08
442,10/07/2024,4666.19,63.25
443,09/07/2024,4685.47,63
444,08/07/2024,4649.05,62.83
445,05/07/2024,4652.27,62.35
446,03/07/2024,4652.27,61.75
447,02/07/2024,4613.70,61.31
448,01/07/2024,4672.62,62.25
449,28/06/2024,4701.54,61.77
450,27/06/2024,4730.47,62.66
451,26/06/2024,4747.60,62.56
452,25/06/2024,4752.96,63.35
453,24/06/2024,4740.11,63.12
454,21/06/2024,4747.60,63.08
455,20/06/2024,4755.10,62.98
456,18/06/2024,4752.96,63.29
457,17/06/2024,4773.31,62.98
458,14/06/2024,4730.47,63.18
459,13/06/2024,4711.18,63.14
460,12/06/2024,4690.83,63.44
461,11/06/2024,4701.54,62.11
462,10/06/2024,4646.91,62.62
463,07/06/2024,4717.61,63.02
464,06/06/2024,4682.26,62.83
465,05/06/2024,4710.11,63.11
466,04/06/2024,4654.41,62.89
467,03/06/2024,4613.70,61.72
468,31/05/2024,4555.86,60.99
469,30/05/2024,4520.51,60.84
470,29/05/2024,4536.58,60.55
471,28/05/2024,4582.64,61.22
472,24/05/2024,4576.21,61.39
473,23/05/2024,4641.55,61.85
474,22/05/2024,4555.86,60.96
475,21/05/2024,4564.43,61.11
476,20/05/2024,4626.56,61.23
477,17/05/2024,4596.56,61.46
478,16/05/2024,4567.64,60.74
479,15/05/2024,4598.71,60.95
480,14/05/2024,4616.92,60.71
481,13/05/2024,4586.92,60.93
482,10/05/2024,4567.64,60.17
483,09/05/2024,4532.29,59.68
484,08/05/2024,4525.86,59.45
485,07/05/2024,4471.23,59.25
486,03/05/2024,4460.52,59.15
487,02/05/2024,4443.38,58.53
488,01/05/2024,4436.95,58.06
489,30/04/2024,4403.75,58.21
490,29/04/2024,4412.32,58.03
491,26/04/2024,4391.96,57.62
492,25/04/2024,4335.19,56.89
493,24/04/2024,4141.30,54.21
494,23/04/2024,4186.29,53.79
495,22/04/2024,4128.44,53.58
496,19/04/2024,4030.96,53.13
497,18/04/2024,4021.32,52.85
498,17/04/2024,4007.40,52.8
499,16/04/2024,4022.40,52.47
500,15/04/2024,4055.60,52.91
501,12/04/2024,4087.74,53.31
502,11/04/2024,4080.24,54.05
503,10/04/2024,4102.74,54.15
504,09/04/2024,4078.10,54.54
505,08/04/2024,4109.16,54.28
506,05/04/2024,4137.01,54.54
507,04/04/2024,4155.23,55.28
508,03/04/2024,4199.14,55.49
509,02/04/2024,4259.13,55.65
510,28/03/2024,4257.53,56.24
511,27/03/2024,4230.21,55.74
512,26/03/2024,4214.68,56.37
513,25/03/2024,4245.74,56.36
514,22/03/2024,4210.93,56.21
515,21/03/2024,4152.01,55.62
516,20/03/2024,4194.86,55.63
517,19/03/2024,4262.88,56.16
518,18/03/2024,4123.62,54.71
519,15/03/2024,4152.55,55.32
520,14/03/2024,4177.18,56.01
521,13/03/2024,4160.58,56
522,12/03/2024,4155.76,55.68
523,11/03/2024,4101.13,55.46
524,08/03/2024,4108.09,55.32
525,07/03/2024,4121.48,55.09
526,06/03/2024,4140.23,55.27
527,05/03/2024,4146.12,55.29
528,04/03/2024,4155.23,55.13
529,01/03/2024,4159.51,55.05
530,29/02/2024,4154.69,55.28
531,28/02/2024,4180.40,55.09
532,27/02/2024,4220.57,55.76
533,26/02/2024,4284.84,57.08
534,23/02/2024,4289.13,57.06
535,22/02/2024,4300.91,56.71
536,21/02/2024,4355.54,57.47
537,20/02/2024,4343.22,57.44
538,16/02/2024,4268.77,56.87
539,15/02/2024,4270.38,56.34
540,14/02/2024,4287.52,56.58
541,13/02/2024,4287.52,56.82
542,12/02/2024,4291.80,56.59
543,09/02/2024,4293.41,56.89
544,08/02/2024,4289.66,57.38
545,07/02/2024,4227.53,55.58
546,06/02/2024,4208.79,55.72
547,05/02/2024,4151.48,55.24
548,02/02/2024,4168.08,55.26
549,01/02/2024,4148.26,54.77
550,31/01/2024,4138.09,55.46
551,30/01/2024,4107.56,55.18
552,29/01/2024,4072.74,54.45
553,26/01/2024,4029.89,54.55
554,25/01/2024,3974.19,53.15
555,24/01/2024,3995.08,53.55
556,23/01/2024,3957.59,53.2
557,22/01/2024,3988.12,52.97
558,19/01/2024,3992.94,52.95
559,18/01/2024,4013.83,53.16
560,17/01/2024,4059.89,53.62
561,16/01/2024,4088.81,54.56
562,12/01/2024,4097.92,55.54
563,11/01/2024,4104.34,54.91
564,10/01/2024,4138.09,55.13
565,09/01/2024,4104.88,55.24
566,08/01/2024,4100.59,54.77
567,05/01/2024,4109.70,54.68
568,04/01/2024,4104.34,54.65
569,03/01/2024,4122.02,54.96
570,02/01/2024,4076.49,54.05
571,29/12/2023,4085.06,54.43
572,28/12/2023,4066.85,54.61
573,27/12/2023,4047.57,54.19
574,22/12/2023,4045.43,54.27
575,21/12/2023,4045.96,53.92
576,20/12/2023,4065.24,53.97
577,19/12/2023,4037.93,53.83
578,18/12/2023,4014.90,53.46
579,15/12/2023,4032.57,53.64
580,14/12/2023,4083.45,53.93
581,13/12/2023,4060.42,53.7
582,12/12/2023,4013.83,53.42
583,11/12/2023,4034.18,53.1
584,08/12/2023,4081.85,53.63
585,07/12/2023,4080.78,53.76
586,06/12/2023,4062.57,54.02
587,05/12/2023,4081.31,54.02
588,04/12/2023,4037.93,53.97
589,01/12/2023,4044.35,53.64
590,30/11/2023,4013.29,53.45
591,29/11/2023,4052.39,53.7
592,28/11/2023,4056.14,53.79
593,27/11/2023,4073.81,53.89
594,24/11/2023,4055.07,53.48
595,22/11/2023,4083.45,53.65
596,21/11/2023,4031.50,53.26
597,20/11/2023,4070.60,53.28
598,17/11/2023,4108.63,53.3
599,16/11/2023,4152.55,53.62
600,15/11/2023,4219.50,54.47
601,14/11/2023,4224.32,54.62
602,13/11/2023,4236.10,54.27
603,10/11/2023,4259.67,54.38
604,09/11/2023,4212.00,54.95
605,08/11/2023,4175.04,53.81
606,07/11/2023,4148.80,53.79
607,06/11/2023,4128.98,53.73
608,03/11/2023,4184.15,53.67
609,02/11/2023,4171.29,53.28
610,01/11/2023,4182.54,53.42
611,31/10/2023,4143.98,53.22
612,30/10/2023,4102.74,52.76
613,27/10/2023,4149.33,52.65
614,26/10/2023,4172.90,53.61
615,25/10/2023,4268.77,54.44
616,24/10/2023,4261.81,54.35
617,23/10/2023,4260.74,54.44
618,20/10/2023,4269.84,54.51
619,19/10/2023,4253.24,54.64
620,18/10/2023,4269.31,54.6
621,17/10/2023,4225.39,54.34
622,16/10/2023,4217.89,53.51
623,13/10/2023,4198.61,53.81
624,12/10/2023,4211.46,54.38
625,11/10/2023,4188.43,54.65
626,10/10/2023,4209.86,54.39
627,09/10/2023,4209.32,54
628,06/10/2023,4318.05,54.09
629,05/10/2023,4315.91,55.27
630,04/10/2023,4325.55,55.07
631,03/10/2023,4329.83,55.27
632,02/10/2023,4358.22,55.08
633,29/09/2023,4337.87,56.08
634,28/09/2023,4318.05,55.14
635,27/09/2023,4363.58,55.59
636,26/09/2023,4371.07,55.77
637,25/09/2023,4407.50,56.04
638,22/09/2023,4413.39,56.81
639,21/09/2023,4389.28,57.24
640,20/09/2023,4394.11,57.27
641,19/09/2023,4388.21,56.88
642,18/09/2023,4384.46,57.17
643,15/09/2023,4376.43,57.42
644,14/09/2023,4326.62,56.49
645,13/09/2023,4320.19,56.54
646,12/09/2023,4345.37,57.02
647,11/09/2023,4337.33,56.86
648,08/09/2023,4323.41,56.66
649,07/09/2023,4265.56,56.32
650,06/09/2023,4267.17,56.07
651,05/09/2023,4297.16,56.71
652,01/09/2023,4316.98,57.58
653,31/08/2023,4354.47,58.05
654,30/08/2023,4357.68,57.99
655,29/08/2023,4324.48,57.52
656,25/08/2023,4320.73,57.29
657,24/08/2023,4290.20,57.07
658,23/08/2023,4253.78,57.05
659,22/08/2023,4240.39,56.75
660,21/08/2023,4266.10,56.91
661,18/08/2023,4280.56,56.87
662,17/08/2023,4316.98,57.83
663,16/08/2023,4334.65,57.71
664,15/08/2023,4387.68,58.04
665,14/08/2023,4387.14,58.07
666,11/08/2023,4420.35,58.24
667,10/08/2023,4412.32,59.07
668,09/08/2023,4387.14,58.69
669,08/08/2023,4381.25,58.42
670,07/08/2023,4370.00,58.52
671,04/08/2023,4404.82,58.61
672,03/08/2023,4440.17,58.42
673,02/08/2023,4503.37,59.85
674,01/08/2023,4504.44,60.27
675,31/07/2023,4523.72,60.74
676,28/07/2023,4481.94,60.98
677,27/07/2023,4500.15,60.81
678,26/07/2023,4496.41,60.71
679,25/07/2023,4476.59,60.68
680,24/07/2023,4357.68,57.79
681,21/07/2023,4344.83,58.7
682,20/07/2023,4356.08,58.43
683,19/07/2023,4328.23,59.43
684,18/07/2023,4283.77,58.91
685,17/07/2023,4286.98,58.94
686,14/07/2023,4269.31,58.89
687,13/07/2023,4273.59,58.39
688,12/07/2023,4233.42,57.96
689,11/07/2023,4263.42,57.57
690,10/07/2023,4274.13,57.35
691,07/07/2023,4302.52,57.42
692,06/07/2023,4371.07,57.72
693,05/07/2023,4381.25,58.44
694,03/07/2023,4385.54,58.73
695,30/06/2023,4371.07,58.4
696,29/06/2023,4391.96,57.88
697,28/06/2023,4366.25,58.12
698,27/06/2023,4345.90,58.25
699,26/06/2023,4370.54,58.16
700,23/06/2023,4349.11,58.12
701,22/06/2023,4332.51,58.05
702,21/06/2023,4297.70,57.92
703,20/06/2023,4312.69,58.23
704,16/06/2023,4314.84,58.4
705,15/06/2023,4258.60,57.51
706,14/06/2023,4255.92,56.43
707,13/06/2023,4276.27,55.96
708,12/06/2023,4277.88,56.41
709,09/06/2023,4308.94,56
710,08/06/2023,4293.95,56.26
711,07/06/2023,4327.15,56.61
712,06/06/2023,4332.51,56.54
713,05/06/2023,4380.71,56.9
714,02/06/2023,4312.69,56.81
715,01/06/2023,4334.12,56.54
716,31/05/2023,4296.62,56.45
717,30/05/2023,4459.98,56.69
718,26/05/2023,4452.49,57.71
719,25/05/2023,4472.84,57.44
720,24/05/2023,4486.23,57.81
721,23/05/2023,4517.83,59.01
722,22/05/2023,4585.32,59.25
723,19/05/2023,4576.21,59.85
724,18/05/2023,4595.49,59.68
725,17/05/2023,4638.34,60.84
726,16/05/2023,4647.45,61.03
727,15/05/2023,4682.26,61.11
728,12/05/2023,4654.41,60.85
729,11/05/2023,4600.31,60.94
730,10/05/2023,4655.48,60.89
731,09/05/2023,4712.25,61.75
732,05/05/2023,4728.86,62.1
733,04/05/2023,4743.32,62.39
734,03/05/2023,4773.31,62.72
735,02/05/2023,4756.17,61.86
736,28/04/2023,4793.67,62.91
737,27/04/2023,4746.00,62.22
738,26/04/2023,4726.72,61.73
739,25/04/2023,4682.80,61.31
740,24/04/2023,4705.83,61.31
741,21/04/2023,4675.83,61.36
742,20/04/2023,4651.20,60.91
743,19/04/2023,4639.95,60.93
744,18/04/2023,4645.30,60.28
745,17/04/2023,4628.16,60.72
746,14/04/2023,4631.91,60.35
747,13/04/2023,4599.78,60.48
748,12/04/2023,4603.53,60.17
749,11/04/2023,4612.63,60.12
750,06/04/2023,4582.64,60.32
751,05/04/2023,4534.43,59.84
752,04/04/2023,4551.04,59.34
753,03/04/2023,4500.69,58.46
754,31/03/2023,4491.05,58.66
755,30/03/2023,4507.65,58.28
756,29/03/2023,4500.69,58.5
757,28/03/2023,4513.55,58.49
758,27/03/2023,4518.37,58.3
759,24/03/2023,4459.45,57.81
760,23/03/2023,4506.58,57.61
761,22/03/2023,4410.71,57.39
762,21/03/2023,4388.75,56.96
763,20/03/2023,4325.01,56.05
764,17/03/2023,4378.04,55.51
765,16/03/2023,4361.43,55.78
766,15/03/2023,4364.65,54.68
767,14/03/2023,4328.76,55.45
768,13/03/2023,4357.68,55.76
769,10/03/2023,4383.39,55.44
770,09/03/2023,4417.67,55.28
771,08/03/2023,4408.57,54.93
772,07/03/2023,4392.50,55.63
773,06/03/2023,4441.24,55.6
774,03/03/2023,4499.08,56.17
775,02/03/2023,4418.21,55.94
776,01/03/2023,4413.39,56.19
777,28/02/2023,4479.27,56.34
778,27/02/2023,4492.12,56.9
779,24/02/2023,4511.40,56.32
780,23/02/2023,4523.19,56.99
781,22/02/2023,4536.58,57.99
782,21/02/2023,4507.12,57.52
783,17/02/2023,4526.94,57.06
784,16/02/2023,4581.57,56.95
785,15/02/2023,4548.90,57.7
786,14/02/2023,4584.78,58.7
787,13/02/2023,4433.74,57.29
788,10/02/2023,4398.39,56.16
789,09/02/2023,4429.46,56.7
790,08/02/2023,4392.50,55.91
791,07/02/2023,4440.70,55.51
792,06/02/2023,4462.66,56.62
793,03/02/2023,4393.03,56.75
794,02/02/2023,4432.67,56.6
795,01/02/2023,4429.46,57.17
796,31/01/2023,4351.26,56.87
797,30/01/2023,4316.44,56.51
798,27/01/2023,4331.97,56.17
799,26/01/2023,4375.36,56.34
800,25/01/2023,4403.75,56.33
801,24/01/2023,4402.14,63.5
802,23/01/2023,4398.39,57.23
803,20/01/2023,4368.40,56.73
804,19/01/2023,4393.03,56.5
805,18/01/2023,4455.70,57.45
806,17/01/2023,4480.34,57.48
807,13/01/2023,4496.41,57.65
808,12/01/2023,4503.37,57.09
809,11/01/2023,4488.91,57.71
810,10/01/2023,4493.73,57.49
811,09/01/2023,4501.23,57.2
812,06/01/2023,4513.55,56.27
813,05/01/2023,4511.94,56.62
814,04/01/2023,4496.94,57.07
815,03/01/2023,4455.16,56.35
816,30/12/2022,4480.87,56.6
817,29/12/2022,4498.01,56.89
818,28/12/2022,4538.18,57.34
819,23/12/2022,4524.26,57.11
820,22/12/2022,4523.72,57.18
821,21/12/2022,4462.66,56.86
822,20/12/2022,4461.59,56.88
823,19/12/2022,4441.24,56.87
824,16/12/2022,4432.13,56.31
825,15/12/2022,4435.88,57.18
826,14/12/2022,4391.96,57.74
827,13/12/2022,4429.99,57.38
828,12/12/2022,4414.46,57.2
829,09/12/2022,4428.38,57.12
830,08/12/2022,4467.48,56.93
831,07/12/2022,4503.37,57.33
832,06/12/2022,4493.19,57.57
833,05/12/2022,4472.30,57.29
834,02/12/2022,4470.70,56.97
835,01/12/2022,4442.31,57.25
836,30/11/2022,4425.17,56.1
837,29/11/2022,4427.31,55.81
838,28/11/2022,4405.89,55.99
839,25/11/2022,4408.03,55.78
840,23/11/2022,4421.42,55.76
841,22/11/2022,4390.89,54.87
842,21/11/2022,4330.37,54.26
843,18/11/2022,4342.15,54.41
844,17/11/2022,4320.73,53.57
845,16/11/2022,4345.90,54.45
846,15/11/2022,4324.48,54.18
847,14/11/2022,4266.10,53.34
848,11/11/2022,4317.51,51.96
849,10/11/2022,4361.97,53.22
850,09/11/2022,4331.44,52.13
851,08/11/2022,4303.59,52.11
852,07/11/2022,4351.79,52.08
853,04/11/2022,4275.20,50.99
854,03/11/2022,4206.11,50.06
855,02/11/2022,4247.35,51.08
856,01/11/2022,4273.06,51.56
857,31/10/2022,4218.96,51.55
858,28/10/2022,4150.40,50.81
859,27/10/2022,4170.76,50.02
860,26/10/2022,4204.50,49.82
861,25/10/2022,4222.18,50.23
862,24/10/2022,4215.75,49.7
863,21/10/2022,4155.23,49.43
864,20/10/2022,4179.33,49.42
865,19/10/2022,4178.79,49.59
866,18/10/2022,4169.69,49.46
867,17/10/2022,4158.44,49.46
868,14/10/2022,4137.55,49.51
869,13/10/2022,4201.82,47.95
870,12/10/2022,4238.78,48.68
871,11/10/2022,4199.68,49.13
872,10/10/2022,4192.72,48.52
873,07/10/2022,4196.47,49.46
874,06/10/2022,4227.53,49.73
875,05/10/2022,4184.68,50.36
876,04/10/2022,4183.61,50.49
877,03/10/2022,4190.04,49.28
878,30/09/2022,4309.48,49.74
879,29/09/2022,4381.79,50.32
880,28/09/2022,4316.98,48.72
881,27/09/2022,4421.42,49.79
882,26/09/2022,4412.85,49.71
883,23/09/2022,4344.83,50.06
884,22/09/2022,4331.97,51.69
885,21/09/2022,4238.24,51.05
886,20/09/2022,4237.17,51
887,16/09/2022,4246.81,50.97
888,15/09/2022,4262.35,51.14
889,14/09/2022,4291.80,51.72
890,13/09/2022,4312.69,52.56
891,12/09/2022,4263.42,52.84
892,09/09/2022,4200.22,51.72
893,08/09/2022,4204.50,50.18
894,07/09/2022,4177.72,50.4
895,06/09/2022,4138.09,50.79
896,02/09/2022,4154.15,50.73
897,01/09/2022,4205.04,50.54
898,31/08/2022,4215.21,51.59
899,30/08/2022,4213.61,51.98
900,26/08/2022,4259.67,52.75
901,25/08/2022,4265.02,52.61
902,24/08/2022,4209.86,52.63
903,23/08/2022,4281.09,52.27
904,22/08/2022,4283.23,53.2
905,19/08/2022,4215.75,53.36
906,18/08/2022,4229.67,53.24
907,17/08/2022,4198.61,53.42
908,16/08/2022,4231.28,53.12
909,15/08/2022,4206.11,53.52
910,12/08/2022,4179.86,53.2
911,11/08/2022,4237.17,53.67
912,10/08/2022,4251.63,54.34
913,09/08/2022,4293.95,54.25
914,08/08/2022,4271.99,54.63
915,05/08/2022,4271.99,54.07
916,04/08/2022,4261.81,54.5
917,03/08/2022,4262.88,54.48
918,02/08/2022,4275.20,55.32
919,01/08/2022,4265.56,54.99
920,29/07/2022,4248.96,54.43
921,28/07/2022,4259.67,54.15
922,27/07/2022,4400.00,54.73
923,26/07/2022,4246.81,54.3
924,25/07/2022,4185.75,53.26
925,22/07/2022,4188.97,52.7
926,21/07/2022,4174.51,51.93
927,20/07/2022,4219.50,52.9
928,19/07/2022,4123.09,53.75
929,18/07/2022,4172.90,52.25
930,15/07/2022,4167.54,52.1
931,14/07/2022,4149.87,51.6
932,13/07/2022,4147.19,51.37
933,12/07/2022,4130.59,51.68
934,11/07/2022,4089.88,51.59
935,08/07/2022,4115.05,51.76
936,07/07/2022,4168.62,51.77
937,06/07/2022,4072.74,51.91
938,05/07/2022,4068.99,51.11
939,01/07/2022,3995.61,51.19
940,30/06/2022,3972.58,50.66
941,29/06/2022,3985.97,51.17
942,28/06/2022,4025.61,51.4
943,27/06/2022,4034.18,51.5
944,24/06/2022,3902.96,51.36
945,23/06/2022,3845.65,49.64
946,22/06/2022,3877.78,49.64
947,21/06/2022,3852.07,49.86
948,17/06/2022,3810.30,49.62
949,16/06/2022,3859.57,48.95
950,15/06/2022,3920.09,49.37
951,14/06/2022,3896.53,49.08
952,13/06/2022,3889.03,49.71
953,10/06/2022,3881.00,50.27
954,09/06/2022,3927.59,51.62
955,08/06/2022,3984.37,52.04
956,07/06/2022,3982.76,51.96
957,06/06/2022,3994.54,52.76
958,01/06/2022,4104.88,53.17
959,31/05/2022,4000.97,52.65
960,27/05/2022,3747.09,49.44
961,26/05/2022,3748.17,49.41
962,25/05/2022,3801.73,49.61
963,24/05/2022,3787.80,49.96
964,23/05/2022,3782.44,49.74
965,20/05/2022,3701.57,49.05
966,19/05/2022,3811.90,48.35
967,18/05/2022,3933.48,51.09
968,17/05/2022,3935.63,51.37
969,16/05/2022,3962.94,50.96
970,13/05/2022,3974.73,51.27
971,12/05/2022,3917.95,50.94
972,11/05/2022,3958.12,50.97
973,10/05/2022,3924.91,51.69
974,09/05/2022,3855.82,50.3
975,06/05/2022,3893.85,50.03
976,05/05/2022,3910.45,50.87
977,04/05/2022,3890.10,51.04
978,03/05/2022,3919.02,51.74
979,29/04/2022,3943.66,52.59
980,28/04/2022,3889.56,50.72
981,27/04/2022,3895.99,50.48
982,26/04/2022,3899.21,52.21
983,25/04/2022,3763.70,51.9
984,22/04/2022,3751.38,51.59
985,21/04/2022,3726.21,51.48
986,20/04/2022,3711.21,50.64
987,19/04/2022,3614.80,49.52
988,14/04/2022,3672.64,50.5
989,13/04/2022,3671.57,50.03
990,12/04/2022,3729.42,50.56
991,11/04/2022,3766.91,50.99
992,08/04/2022,3754.59,51.53
993,07/04/2022,3754.59,51.4
994,06/04/2022,3762.63,51.51
995,05/04/2022,3780.30,52.02
996,04/04/2022,3789.94,51.78
997,01/04/2022,3731.56,51.87
998,31/03/2022,3801.73,51.59
999,30/03/2022,3780.30,52.25
1000,29/03/2022,3713.89,52.54
1001,28/03/2022,3656.58,50.51
1002,25/03/2022,3595.52,50.2
1003,24/03/2022,3627.65,50.29
1004,23/03/2022,3679.61,50.78
1005,22/03/2022,3671.57,51.03
1006,21/03/2022,3664.08,50.7
1007,18/03/2022,3686.57,50.22
1008,17/03/2022,3655.51,50.38
1009,16/03/2022,3673.72,50.18
1010,15/03/2022,3634.62,50.6
1011,14/03/2022,3633.01,50.05
1012,11/03/2022,3626.05,49.87
1013,10/03/2022,3663.54,49.95
1014,09/03/2022,3619.62,50.63
1015,08/03/2022,3561.77,49.14
1016,07/03/2022,3606.23,49.42
1017,04/03/2022,3792.08,51.24
1018,03/03/2022,3875.64,53.76
1019,02/03/2022,3925.45,54.28
1020,01/03/2022,4017.04,55.88
1021,28/02/2022,3991.87,56.26
1022,25/02/2022,3891.71,55.32
1023,24/02/2022,4000.97,55.2
1024,23/02/2022,4041.14,58.77
1025,22/02/2022,4093.09,57.66
1026,18/02/2022,4081.31,58.68
1027,17/02/2022,4081.31,58.23
1028,16/02/2022,4089.35,58.08
1029,15/02/2022,4122.02,58.13
1030,14/02/2022,4170.76,58.66
1031,11/02/2022,4030.43,59.38
1032,10/02/2022,3972.05,57.63
1033,09/02/2022,4163.26,58.67
1034,08/02/2022,4137.55,58.94
1035,07/02/2022,4072.21,58.41
1036,04/02/2022,4072.21,58.13
1037,03/02/2022,4056.14,57.99
1038,02/02/2022,4030.43,57.35
1039,01/02/2022,4064.71,57.16
1040,31/01/2022,4078.63,57.03
1041,28/01/2022,4107.56,56.96
1042,27/01/2022,4092.02,57.94
1043,26/01/2022,4199.14,58.68
1044,25/01/2022,4207.71,59.61
1045,24/01/2022,4158.97,59.36
1046,21/01/2022,3879.92,56.07
1047,20/01/2022,3986.51,56.54
1048,19/01/2022,3695.68,55.69
1049,18/01/2022,3912.06,55.17
1050,14/01/2022,4160.58,60.29
1051,13/01/2022,4170.22,60.3
1052,12/01/2022,4239.85,60.14
1053,11/01/2022,4222.18,60.18
1054,10/01/2022,4231.28,60.32
1055,07/01/2022,4177.72,59.79
1056,06/01/2022,4207.18,59.84
1057,05/01/2022,4262.35,60.5
1058,04/01/2022,4239.32,60.5
1059,31/12/2021,4227.53,60.19
1060,30/12/2021,4265.56,60.24
1061,29/12/2021,4265.56,60.41
1062,23/12/2021,4194.86,59.32
1063,22/12/2021,4215.75,58.53
1064,21/12/2021,4271.45,58.72
1065,20/12/2021,4240.39,59.31
1066,17/12/2021,4279.49,59.69
1067,16/12/2021,4266.63,59.43
1068,15/12/2021,4296.09,59.18
1069,14/12/2021,4314.84,59.84
1070,13/12/2021,4296.09,59.66
1071,10/12/2021,4273.06,59.69
1072,09/12/2021,4280.02,59.12
1073,08/12/2021,4239.85,59.03
1074,07/12/2021,4241.99,58.25
1075,06/12/2021,4187.90,58.04
1076,03/12/2021,4159.51,57.99
1077,02/12/2021,4104.88,58.19
1078,01/12/2021,4112.38,57.61
1079,30/11/2021,4198.61,58.51
1080,29/11/2021,4211.46,59.37
1081,26/11/2021,4197.00,59.22
1082,24/11/2021,4182.01,58.31
1083,23/11/2021,4116.66,58.49
1084,22/11/2021,4104.34,57.92
1085,19/11/2021,4071.67,58.53
1086,18/11/2021,4124.70,58.46
1087,17/11/2021,4132.19,58.5
1088,16/11/2021,4163.26,58.91
1089,15/11/2021,4193.79,58.96
1090,12/11/2021,4177.72,59.15
1091,11/11/2021,4207.18,59.18
1092,10/11/2021,4191.11,59.56
1093,09/11/2021,4157.90,59.39
1094,08/11/2021,4187.36,59.46
1095,05/11/2021,4179.33,59.36
1096,04/11/2021,4191.11,59.39
1097,03/11/2021,4224.85,60.55
1098,02/11/2021,4215.21,60.24
1099,01/11/2021,4225.93,60.19
1100,29/10/2021,4166.47,60.04
1101,28/10/2021,4160.58,60.47
1102,27/10/2021,4200.22,60.64
1103,26/10/2021,4181.47,60.75
1104,25/10/2021,4177.72,60.37
1105,22/10/2021,4156.83,60.27
1106,21/10/2021,4145.58,59.88
1107,20/10/2021,4088.27,59.42
1108,19/10/2021,4113.45,58.92
1109,18/10/2021,4105.95,59.33
1110,15/10/2021,4150.94,59.28
1111,14/10/2021,4156.83,59.77
1112,13/10/2021,4106.49,59.28
1113,12/10/2021,4120.95,58.95
1114,11/10/2021,4125.23,59.25
1115,08/10/2021,4150.94,59.45
1116,07/10/2021,4173.44,59.61
1117,06/10/2021,4168.62,59.11
1118,05/10/2021,4231.28,60.39
1119,04/10/2021,4254.85,60.39
1120,01/10/2021,4278.41,61.16
1121,30/09/2021,4368.40,61.34
1122,29/09/2021,4329.83,61.11
1123,28/09/2021,4239.32,61.43
1124,27/09/2021,4290.20,61.13
1125,24/09/2021,4272.52,61.43
1126,23/09/2021,4312.69,61.93
1127,22/09/2021,4293.41,61.79
1128,21/09/2021,4271.99,61.46
1129,20/09/2021,4204.50,61.02
1130,17/09/2021,4253.24,61.17
1131,16/09/2021,4215.21,61.52
1132,15/09/2021,4286.45,62.07
1133,14/09/2021,4283.77,62.79
1134,13/09/2021,4243.60,62.22
1135,10/09/2021,4246.28,61.83
1136,09/09/2021,4292.88,62.21
1137,08/09/2021,4260.74,61.77
1138,07/09/2021,4285.91,61.9
1139,03/09/2021,4251.63,61.67
1140,02/09/2021,4297.16,61.45
1141,01/09/2021,4335.72,62.7
1142,31/08/2021,4343.22,62.44
1143,27/08/2021,4358.76,62.71
1144,26/08/2021,4309.48,62.6
1145,25/08/2021,4367.32,62.28
1146,24/08/2021,4397.85,62.69
1147,23/08/2021,4439.63,63.29
1148,20/08/2021,4410.17,63.09
1149,19/08/2021,4371.07,62.87
1150,18/08/2021,4455.16,63.9
1151,17/08/2021,4412.85,64.01
1152,16/08/2021,4444.99,64.13
1153,13/08/2021,4435.35,64.59
1154,12/08/2021,4424.10,64.34
1155,11/08/2021,4416.60,64.44
1156,10/08/2021,4424.63,64.32
1157,09/08/2021,4383.39,64.35
1158,06/08/2021,4393.57,63.89
1159,05/08/2021,4403.75,64.59
1160,04/08/2021,4460.52,65.25
1161,03/08/2021,4424.63,64.78
1162,02/08/2021,4468.02,64.51
1163,30/07/2021,4386.61,65.21
1164,29/07/2021,4343.76,64.23
1165,28/07/2021,4330.90,63.37
1166,27/07/2021,4297.16,63.14
1167,26/07/2021,4404.28,63.23
1168,23/07/2021,4322.33,63.57
1169,22/07/2021,4488.37,62.93
1170,21/07/2021,4638.34,66.36
1171,20/07/2021,4680.12,66.3
1172,19/07/2021,4666.73,66.99
1173,16/07/2021,4625.49,67.52
1174,15/07/2021,4606.20,67.19
1175,14/07/2021,4630.31,66.99
1176,13/07/2021,4615.85,67.12
1177,12/07/2021,4579.96,66.93
1178,09/07/2021,4622.81,66.6
1179,08/07/2021,4649.59,66.72
1180,07/07/2021,4602.46,66.89
1181,06/07/2021,4541.40,66.61
1182,02/07/2021,4578.35,65.98
1183,01/07/2021,4533.36,65.91
1184,30/06/2021,4567.64,65.97
1185,29/06/2021,4606.20,66.87
1186,28/06/2021,4566.57,66.83
1187,25/06/2021,4552.64,66.77
1188,24/06/2021,4573.53,66.83
1189,23/06/2021,4606.74,67.86
1190,22/06/2021,4606.20,67.64
1191,21/06/2021,4601.38,67.24
1192,18/06/2021,4671.01,67.29
1193,17/06/2021,4619.59,67.95
1194,16/06/2021,4636.20,69.39
1195,15/06/2021,4624.95,68.84
1196,14/06/2021,4595.49,67.92
1197,11/06/2021,4579.42,67.84
1198,10/06/2021,4567.64,67.96
1199,09/06/2021,4577.82,68.16
1200,08/06/2021,4580.50,68.51
1201,07/06/2021,4593.89,68.16
1202,04/06/2021,4584.78,68.11
1203,03/06/2021,4550.50,67.86
1204,02/06/2021,4543.54,67.74
1205,01/06/2021,4539.79,68.05
1206,28/05/2021,4488.37,67.3
1207,27/05/2021,4599.24,67.77
1208,26/05/2021,4621.74,68.63
1209,25/05/2021,4576.75,68.4
1210,24/05/2021,4596.03,68.1
1211,21/05/2021,4594.96,68.38
1212,20/05/2021,4578.89,68
1213,19/05/2021,4569.25,68.42
1214,18/05/2021,4634.06,68.64
1215,17/05/2021,4606.20,68.48
1216,14/05/2021,4606.20,68.25
1217,13/05/2021,4538.72,66.99
1218,12/05/2021,4525.86,67.47
1219,11/05/2021,4556.93,67.02
1220,10/05/2021,4546.22,67.55
1221,07/05/2021,4605.67,67.07
1222,06/05/2021,4524.79,66.41
1223,05/05/2021,4481.41,66.18
1224,04/05/2021,4549.97,65.6
1225,30/04/2021,4529.61,66.52
1226,29/04/2021,4426.78,66.34
1227,28/04/2021,4338.94,63.73
1228,27/04/2021,4365.72,63.41
1229,26/04/2021,4375.36,63.95
1230,23/04/2021,4402.67,63.96
1231,22/04/2021,4407.50,63.81
1232,21/04/2021,4424.63,64.65
1233,20/04/2021,4417.67,64.71
1234,19/04/2021,4444.45,64.97
1235,16/04/2021,4465.88,64.59
1236,15/04/2021,4414.46,64.49
1237,14/04/2021,4417.14,63.9
1238,13/04/2021,4422.49,63.78
1239,12/04/2021,4418.21,63.6
1240,09/04/2021,4457.84,63.71
1241,08/04/2021,4387.14,64.14
1242,07/04/2021,4383.93,64.08
1243,06/04/2021,4337.33,63.36
1244,01/04/2021,4365.18,63.09
1245,31/03/2021,4350.19,63.27
1246,30/03/2021,4408.03,63.01
1247,29/03/2021,4355.54,63.06
1248,26/03/2021,4350.19,62.71
1249,25/03/2021,4346.97,62.96
1250,24/03/2021,4368.40,62.27
1251,23/03/2021,4275.20,62.84
1252,22/03/2021,4239.85,62.12
1253,19/03/2021,4275.20,62.12
1254,18/03/2021,4301.98,62.71
1255,17/03/2021,4300.91,62.91
1256,16/03/2021,4270.92,62.21
1257,15/03/2021,4244.14,62.56
1258,12/03/2021,4197.00,61.56
1259,11/03/2021,4236.64,61.5
1260,10/03/2021,4183.08,61.9
1261,09/03/2021,4172.36,61.58
1262,08/03/2021,4155.23,60.23
1263,05/03/2021,4116.66,60.14
1264,04/03/2021,4082.38,60.45
1265,03/03/2021,4101.66,59.5
1266,02/03/2021,4059.89,59.77
1267,01/03/2021,4006.33,59.28
1268,26/02/2021,4099.52,59.5
1269,25/02/2021,4079.17,60.64
1270,24/02/2021,4183.08,60.62
1271,23/02/2021,4111.31,61.11
1272,22/02/2021,4159.51,60.89
1273,19/02/2021,4251.63,62.15
1274,18/02/2021,4258.06,62.21
1275,17/02/2021,4264.49,61.85
1276,16/02/2021,4280.56,62.83
1277,12/02/2021,4198.07,60.96
1278,11/02/2021,4194.86,60.71
1279,10/02/2021,4228.07,61.72
1280,09/02/2021,4264.49,60.98
1281,08/02/2021,4307.34,61.85
1282,05/02/2021,4366.25,62.15
1283,04/02/2021,4552.64,63.28
1284,03/02/2021,4597.64,66.72
1285,02/02/2021,4576.21,66.04
1286,01/02/2021,4611.56,65.87
1287,29/01/2021,4592.28,65.55
1288,28/01/2021,4659.77,66.61
1289,27/01/2021,4706.90,67.5
1290,26/01/2021,4773.31,68.39
1291,25/01/2021,4689.76,67.58
1292,22/01/2021,4675.83,67.28
1293,21/01/2021,4665.12,67.19
1294,20/01/2021,4659.77,66.89
1295,19/01/2021,4682.26,67.33
1296,15/01/2021,4665.12,67.04
1297,14/01/2021,4659.77,66.78
1298,13/01/2021,4619.06,66.35
1299,12/01/2021,4691.90,66.2
1300,11/01/2021,4766.89,67.23
1301,08/01/2021,4754.03,67.41
1302,07/01/2021,4796.88,67.78
1303,06/01/2021,4751.89,68.2
1304,05/01/2021,4756.17,67.96
1305,04/01/2021,4763.67,68.97
1306,31/12/2020,4754.03,68.36
1307,30/12/2020,4762.60,68.07
1308,29/12/2020,4721.90,67.64
1309,24/12/2020,4606.20,65.86
1310,23/12/2020,4640.48,65.59
1311,22/12/2020,4599.78,65.59
1312,21/12/2020,4672.62,64.86
1313,18/12/2020,4672.62,66.32
1314,17/12/2020,4719.75,66.38
1315,16/12/2020,4625.49,65.78
1316,15/12/2020,4676.90,65.67
1317,14/12/2020,4725.11,65.99
1318,11/12/2020,4705.83,65.63
1319,10/12/2020,4713.33,66.18
1320,09/12/2020,4690.83,65.5
1321,08/12/2020,4640.48,64.97
1322,07/12/2020,4670.48,65.15
1323,04/12/2020,4616.92,65.21
1324,03/12/2020,4734.75,65.58
1325,02/12/2020,4749.75,66.06
1326,01/12/2020,4891.15,67.92
1327,30/11/2020,4847.23,68.5
1328,27/11/2020,4902.93,68.83
1329,25/11/2020,4654.41,67.94
1330,24/11/2020,4700.47,65.51
1331,23/11/2020,4775.46,66.02
1332,20/11/2020,4781.88,66.78
1333,19/11/2020,4805.45,66.63
1334,18/11/2020,4826.87,67.75
1335,17/11/2020,4929.71,68.24
1336,16/11/2020,5119.31,69.81
1337,13/11/2020,5128.96,70.25
1338,12/11/2020,5109.67,70.86
1339,11/11/2020,5004.70,70.52
1340,10/11/2020,5008.98,69.41
1341,09/11/2020,5072.18,71.12
1342,06/11/2020,4961.85,69.15
1343,05/11/2020,5022.91,69.53
1344,04/11/2020,4850.44,67.02
1345,03/11/2020,4801.17,66.18
1346,02/11/2020,4721.90,64.92
1347,30/10/2020,4732.61,64.09
1348,29/10/2020,4782.95,64.73
1349,28/10/2020,4984.34,66.48
1350,27/10/2020,4997.20,68.1
1351,26/10/2020,4986.48,68.24
1352,23/10/2020,5027.19,69.53
1353,22/10/2020,5057.18,69.73
1354,21/10/2020,5194.30,69.53
1355,20/10/2020,5134.31,70.67
1356,19/10/2020,5224.29,70.65
1357,16/10/2020,5183.59,70.66
1358,15/10/2020,5202.87,70.11
1359,14/10/2020,5251.07,71.33
1360,13/10/2020,5176.09,70.79
1361,12/10/2020,5166.45,70.92
1362,09/10/2020,5155.74,70.53
1363,08/10/2020,5125.74,69.84
1364,07/10/2020,5132.17,69.48
1365,06/10/2020,5198.58,70.34
1366,05/10/2020,5207.15,70.7
1367,02/10/2020,5126.81,69.87
1368,01/10/2020,5151.45,69.6
1369,30/09/2020,5146.09,69.77
1370,29/09/2020,5146.09,69.49
1371,28/09/2020,5102.18,69.63
1372,25/09/2020,5076.47,67.86
1373,24/09/2020,5080.75,68.28
1374,23/09/2020,5105.39,69.12
1375,22/09/2020,5003.62,67.78
1376,21/09/2020,5041.12,67.46
1377,18/09/2020,5179.30,69.05
1378,17/09/2020,5111.82,69.87
1379,16/09/2020,5193.23,70.53
1380,15/09/2020,5146.09,70.62
1381,14/09/2020,5195.37,70.34
1382,11/09/2020,5128.96,69.81
1383,10/09/2020,5086.11,69.8
1384,09/09/2020,4927.57,69.14
1385,08/09/2020,4848.30,67.06
1386,04/09/2020,4799.02,67.05
1387,03/09/2020,4866.51,68.68
1388,02/09/2020,4752.96,67.87
1389,01/09/2020,4784.03,66.88
1390,28/08/2020,4887.93,67.59
1391,27/08/2020,4885.79,68.82
1392,26/08/2020,4863.30,67.51
1393,25/08/2020,4909.36,68.11
1394,24/08/2020,4869.72,68.18
1395,21/08/2020,4849.37,66.21
1396,20/08/2020,4871.86,67.15
1397,19/08/2020,4822.59,68.19
1398,18/08/2020,4842.94,67.68
1399,17/08/2020,4857.94,67.01
1400,14/08/2020,4880.43,67.08
1401,13/08/2020,4904.00,67.78
1402,12/08/2020,4804.38,67.28
1403,11/08/2020,4841.87,67.1
1404,10/08/2020,4865.44,67.43
1405,07/08/2020,4877.22,67.23
1406,06/08/2020,4938.28,67.84
1407,05/08/2020,5030.40,69.84
1408,04/08/2020,4992.91,68.38
1409,03/08/2020,4884.72,69.44
1410,31/07/2020,4905.07,68.68
1411,30/07/2020,5068.97,68.59
1412,29/07/2020,5053.97,70.47
1413,28/07/2020,5013.26,67.91
1414,27/07/2020,5000.41,69.09
1415,24/07/2020,4983.27,68.52
1416,23/07/2020,4968.27,68.06
1417,22/07/2020,4647.98,62.84
1418,21/07/2020,4645.84,62.98
1419,20/07/2020,4691.90,62.76
1420,17/07/2020,4639.41,62.52
1421,16/07/2020,4612.63,61.95
1422,15/07/2020,4624.42,62.61
1423,14/07/2020,4604.06,61.4
1424,13/07/2020,4521.58,61.47
1425,10/07/2020,4447.67,60.74
1426,09/07/2020,4539.79,61.47
1427,08/07/2020,4578.35,60.99
1428,07/07/2020,4624.42,61.27
1429,06/07/2020,4671.55,62.43
1430,02/07/2020,4657.62,62.48
1431,01/07/2020,4646.91,61.54
1432,30/06/2020,4732.61,61.19
1433,29/06/2020,4791.52,62.26
1434,26/06/2020,4772.24,64.22
1435,25/06/2020,4777.60,63.34
1436,24/06/2020,4839.73,64.36
1437,23/06/2020,4864.37,64.45
1438,22/06/2020,4907.21,65.14
1439,19/06/2020,4841.87,65.42
1440,18/06/2020,4799.02,64.26
1441,17/06/2020,4734.75,63.96
1442,16/06/2020,4642.63,63.06
1443,15/06/2020,4560.14,60.82
1444,12/06/2020,4641.55,61.64
1445,11/06/2020,4644.77,62.19
1446,10/06/2020,4611.56,63.51
1447,09/06/2020,4697.26,62.35
1448,08/06/2020,4694.04,63.08
1449,05/06/2020,4711.18,63.47
1450,04/06/2020,4672.62,62.81
1451,03/06/2020,4623.34,62.09
1452,02/06/2020,4617.99,61.39
1453,01/06/2020,4664.05,61.01
1454,29/05/2020,4606.20,61.3
1455,28/05/2020,4505.51,59.93
1456,27/05/2020,4418.74,57.13
1457,26/05/2020,4478.73,57.94
1458,22/05/2020,4374.82,56.66
1459,21/05/2020,4451.95,57.81
1460,20/05/2020,4400.53,57.74
1461,19/05/2020,4573.00,57.93
1462,18/05/2020,4483.02,58.26
1463,15/05/2020,4404.82,57.04
1464,14/05/2020,4435.88,57.18
1465,13/05/2020,4486.23,58.69
1466,12/05/2020,4442.31,59.02
1467,11/05/2020,4410.17,58.02
1468,07/05/2020,4283.77,57.04
1469,06/05/2020,4331.97,57.04
1470,05/05/2020,4337.33,56.93
1471,04/05/2020,4355.54,57.07
1472,01/05/2020,4338.40,58.4
1473,30/04/2020,4432.67,59.31
1474,29/04/2020,4352.33,58.31
1475,28/04/2020,4400.53,57.96
1476,27/04/2020,4417.67,58.35
1477,24/04/2020,4398.39,57.67
1478,23/04/2020,4365.18,58.55
1479,22/04/2020,4531.22,59.82
1480,21/04/2020,4584.78,59.13
1481,20/04/2020,4446.59,59.66
1482,17/04/2020,4530.15,59.18
1483,16/04/2020,4415.53,58.29
1484,15/04/2020,4468.02,58.37
1485,14/04/2020,4420.89,59.61
1486,09/04/2020,4393.03,58.59
1487,08/04/2020,4371.61,57.66
1488,07/04/2020,4480.87,58.69
1489,06/04/2020,4409.10,57.45
1490,03/04/2020,4331.97,56.16
1491,02/04/2020,4278.41,56.08
1492,01/04/2020,4256.99,55.54
1493,31/03/2020,4429.46,57.12
1494,30/03/2020,4207.71,55.68
1495,27/03/2020,4218.96,54.32
1496,26/03/2020,4218.96,54.16
1497,25/03/2020,4302.52,52.91
1498,24/03/2020,4239.85,52.08
1499,23/03/2020,4217.36,52.43
1500,20/03/2020,4781.88,55.37
1501,19/03/2020,4508.19,54.97
1502,18/03/2020,4296.09,54.18
1503,17/03/2020,4121.48,52.25
1504,16/03/2020,3967.23,50.36
1505,13/03/2020,4217.89,56.76
1506,12/03/2020,4250.56,54.97
1507,11/03/2020,4462.13,60.32
1508,10/03/2020,4506.58,61.1
1509,09/03/2020,4466.95,61.71
1510,06/03/2020,4726.18,64.09
1511,05/03/2020,4804.38,64.98
1512,04/03/2020,4717.08,64.25
1513,03/03/2020,4645.30,63.18
1514,02/03/2020,4600.85,61.52
1515,28/02/2020,4531.22,60.59
1516,27/02/2020,4646.38,63.09
1517,26/02/2020,4679.58,63.64
1518,25/02/2020,4794.74,64.71
1519,24/02/2020,4867.58,64.67
1520,21/02/2020,4913.64,67.04
1521,20/02/2020,4931.32,66.84
1522,19/02/2020,4958.63,67.6
1523,18/02/2020,4948.99,68.09
1524,14/02/2020,4952.21,67.89
1525,13/02/2020,4975.24,67.65
1526,12/02/2020,5033.62,68.13
1527,11/02/2020,5027.73,68.36
1528,10/02/2020,5036.30,68.07
1529,07/02/2020,5026.12,68.31
1530,06/02/2020,4971.49,68.57
1531,05/02/2020,4895.43,67.57
1532,04/02/2020,4934.53,67.48
1533,03/02/2020,4872.40,67.47
1534,31/01/2020,4904.00,67.43
1535,30/01/2020,4795.81,66.54
1536,29/01/2020,4820.98,64.98
1537,28/01/2020,4772.78,66.07
1538,27/01/2020,4782.42,65.01
1539,24/01/2020,4733.68,65.45
1540,23/01/2020,4723.50,64.59
1541,22/01/2020,4728.86,64.87
1542,21/01/2020,4707.43,64.83
1543,17/01/2020,4659.77,64.56
1544,16/01/2020,4657.09,63.74
1545,15/01/2020,4635.13,63.93
1546,14/01/2020,4657.62,63.39
1547,13/01/2020,4639.95,63.27
1548,10/01/2020,4605.67,63.1
1549,09/01/2020,4568.18,62.94
1550,08/01/2020,4541.93,62.34
1551,07/01/2020,4632.99,63.26
1552,06/01/2020,4641.02,63.82
1553,03/01/2020,4621.20,63.68
1554,02/01/2020,4658.69,64.27
1555,31/12/2019,4677.98,64.45
1556,30/12/2019,4741.18,65.23
1557,27/12/2019,4708.51,65.09
1558,24/12/2019,4722.97,63.81
1559,23/12/2019,4694.04,64.52
1560,20/12/2019,4661.37,64.04
1561,19/12/2019,4585.85,63.34
1562,18/12/2019,4563.89,63.46
1563,17/12/2019,4726.18,64.08
1564,16/12/2019,4882.04,69.53
1565,13/12/2019,4760.46,68.29
1566,12/12/2019,4839.19,67.25
1567,11/12/2019,4876.15,67.23
1568,10/12/2019,4888.47,67.62
1569,09/12/2019,4862.76,67.67
1570,06/12/2019,4817.23,67.24
1571,05/12/2019,4850.44,66.76
1572,04/12/2019,4839.19,66.8
1573,03/12/2019,4886.33,66.38
1574,02/12/2019,4932.39,66.67
1575,29/11/2019,4879.90,66.65
1576,27/11/2019,4906.14,66.26
1577,26/11/2019,4865.44,66.22
1578,25/11/2019,4830.09,65.63
1579,22/11/2019,4805.45,65.6
1580,21/11/2019,4850.44,65.64
1581,20/11/2019,4886.86,65.91
1582,19/11/2019,4881.51,66.66
1583,18/11/2019,4887.40,66.68
1584,15/11/2019,4916.32,66.08
1585,14/11/2019,4973.63,66.6
1586,13/11/2019,4921.14,66.9
1587,12/11/2019,4962.38,66.84
1588,11/11/2019,5007.91,66.84
1589,08/11/2019,4985.41,67.62
1590,07/11/2019,5036.83,67.58
1591,06/11/2019,4934.53,68.14
1592,05/11/2019,4910.43,66.67
1593,04/11/2019,4950.06,66.99
1594,01/11/2019,4962.92,67.98
1595,31/10/2019,4957.56,67.47
1596,30/10/2019,4928.10,67.52
1597,29/10/2019,4904.00,66.32
1598,28/10/2019,4939.89,66.5
1599,25/10/2019,4946.85,66.92
1600,24/10/2019,4885.26,66.75
1601,23/10/2019,4914.71,66.44
1602,22/10/2019,4848.30,66.87
1603,21/10/2019,4948.99,66.69
1604,18/10/2019,4948.99,67.16
1605,17/10/2019,5041.65,67.91
1606,16/10/2019,4902.39,66.78
1607,15/10/2019,4981.13,65.58
1608,14/10/2019,4997.20,66.14
1609,11/10/2019,5077.54,66.43
1610,10/10/2019,5206.08,66.23
1611,09/10/2019,5168.05,66.85
1612,08/10/2019,5197.51,67.11
1613,07/10/2019,5157.34,67.06
1614,04/10/2019,5158.95,66.3
1615,03/10/2019,5124.67,66.5
1616,02/10/2019,5259.11,67.06
1617,01/10/2019,5248.93,67.44
1618,30/09/2019,5271.96,67.55
1619,27/09/2019,5264.46,68.24
1620,26/09/2019,5182.52,68.05
1621,25/09/2019,5242.50,67.84
1622,24/09/2019,5204.48,68.28
1623,23/09/2019,5152.52,68.16
1624,20/09/2019,5259.64,68.04
1625,19/09/2019,5252.68,69.06
1626,18/09/2019,5278.92,68.97
1627,17/09/2019,5177.70,68.52
1628,16/09/2019,5215.72,68.36
1629,13/09/2019,5326.06,68.67
1630,12/09/2019,5347.48,68.91
1631,11/09/2019,5318.02,68.4
1632,10/09/2019,5395.69,68.99
1633,09/09/2019,5584.22,71
1634,06/09/2019,5551.01,71.84
1635,05/09/2019,5695.63,72.43
1636,04/09/2019,5712.77,72.35
1637,03/09/2019,5665.63,71.57
1638,30/08/2019,5533.87,71.45
1639,29/08/2019,5488.88,71.22
1640,28/08/2019,5456.75,70.5
1641,27/08/2019,5388.19,69.51
1642,23/08/2019,5405.33,69.35
1643,22/08/2019,5461.03,69.12
1644,21/08/2019,5432.11,69.55
1645,20/08/2019,5473.89,69.68
1646,19/08/2019,5413.90,69.22
1647,16/08/2019,5356.05,68.13
1648,15/08/2019,5292.85,67.74
1649,14/08/2019,5278.39,66.9
1650,13/08/2019,5283.21,66.48
1651,12/08/2019,5255.89,66.72
1652,09/08/2019,5213.05,66.5
1653,08/08/2019,5189.48,65.84
1654,07/08/2019,5163.23,65.94
1655,06/08/2019,5194.30,66.32
1656,05/08/2019,5248.93,67.05
1657,02/08/2019,5394.62,68.1
1658,01/08/2019,5302.49,67.69
1659,31/07/2019,5361.41,67.85
1660,30/07/2019,5382.83,69.06
1661,29/07/2019,5275.18,69.21
1662,26/07/2019,5268.75,68.18
1663,25/07/2019,5356.05,68.85
1664,24/07/2019,5398.90,70.27
1665,23/07/2019,5408.54,71.01
1666,22/07/2019,5361.41,70.57
1667,19/07/2019,5440.68,70.91
1668,18/07/2019,5442.82,70.98
1669,17/07/2019,5462.10,71.35
1670,16/07/2019,5388.19,71.21
1671,15/07/2019,5350.70,70.81
1672,12/07/2019,5374.26,70.45
1673,11/07/2019,5379.62,70.82
1674,10/07/2019,5380.69,70.53
1675,09/07/2019,5417.11,70.52
1676,08/07/2019,5422.47,71.3
1677,05/07/2019,5413.90,71.01
1678,03/07/2019,5397.83,71.91
1679,02/07/2019,5256.97,70.11
1680,01/07/2019,5298.21,70.04
1681,28/06/2019,5232.33,69.58
1682,27/06/2019,5235.54,69.17
1683,26/06/2019,5273.03,69.99
1684,25/06/2019,5277.85,70.63
1685,24/06/2019,5248.40,70.7
1686,21/06/2019,5247.86,69.47
1687,20/06/2019,5294.99,70.2
1688,19/06/2019,5349.09,69.96
1689,18/06/2019,5331.41,70.9
1690,17/06/2019,5322.84,70.3
1691,14/06/2019,5288.03,70.07
1692,13/06/2019,5317.49,70.48
1693,12/06/2019,5270.36,71
1694,11/06/2019,5255.36,70.53
1695,10/06/2019,5274.10,69.85
1696,07/06/2019,5222.69,70.12
1697,06/06/2019,5213.58,69.59
1698,05/06/2019,5165.38,69.38
1699,04/06/2019,5202.87,69.06
1700,03/06/2019,5164.31,68.92
1701,31/05/2019,5206.08,68.5
1702,30/05/2019,5184.12,69.09
1703,29/05/2019,5177.16,68.42
1704,28/05/2019,5248.93,69.47
1705,24/05/2019,5202.87,69.65
1706,23/05/2019,5206.62,68.72
1707,22/05/2019,5103.78,68.66
1708,21/05/2019,5142.35,68.55
1709,20/05/2019,5141.81,68.16
1710,17/05/2019,5094.14,68.59
1711,16/05/2019,5027.19,68.18
1712,15/05/2019,4969.88,67.42
1713,14/05/2019,4999.87,67.3
1714,13/05/2019,4970.95,67.67
1715,10/05/2019,4949.53,67.76
1716,09/05/2019,4945.24,67.69
1717,08/05/2019,4929.17,67.92
1718,07/05/2019,4919.53,67.65
1719,03/05/2019,4965.06,68.04
1720,02/05/2019,4874.01,67.68
1721,01/05/2019,5029.33,68.42
1722,30/04/2019,4942.03,67.83
1723,29/04/2019,4913.64,66.98
1724,26/04/2019,4878.29,66.35
1725,25/04/2019,4862.22,65.98
1726,24/04/2019,4869.19,66.04
1727,23/04/2019,4786.17,65.46
1728,18/04/2019,4726.18,66.44
1729,17/04/2019,4692.44,63.99
1730,16/04/2019,4680.65,64.29
1731,15/04/2019,4666.19,64.22
1732,12/04/2019,4711.18,64.08
1733,11/04/2019,4694.58,64.91
1734,10/04/2019,4687.08,64.76
1735,09/04/2019,4713.33,64.69
1736,08/04/2019,4706.90,65.05
1737,05/04/2019,4704.22,64.73
1738,04/04/2019,4692.97,64.99
1739,03/04/2019,4697.79,64.76
1740,02/04/2019,4686.01,64.76
1741,01/04/2019,4724.04,64.63
1742,29/03/2019,4721.36,64.83
1743,28/03/2019,4660.84,64.85
1744,27/03/2019,4679.58,64.6
1745,26/03/2019,4654.94,65.19
1746,25/03/2019,4630.31,64.08
1747,22/03/2019,4681.19,64.2
1748,21/03/2019,4627.63,64.61
1749,20/03/2019,4571.39,63.97
1750,19/03/2019,4562.29,63.75
1751,18/03/2019,4579.42,63.75
1752,15/03/2019,4529.08,63.73
1753,14/03/2019,4434.81,62.55
1754,13/03/2019,4424.63,61.86
1755,12/03/2019,4381.25,60.77
1756,11/03/2019,4485.69,60.59
1757,08/03/2019,4403.75,61.32
1758,07/03/2019,4333.58,60.91
1759,06/03/2019,4384.46,60.36
1760,05/03/2019,4301.45,59.88
1761,04/03/2019,4266.10,59.75
1762,01/03/2019,4300.91,59.47
1763,28/02/2019,4241.99,59.7
1764,27/02/2019,4356.08,59.24
1765,26/02/2019,4423.56,60.89
1766,25/02/2019,4509.80,61.39
1767,22/02/2019,4539.25,61.2
1768,21/02/2019,4539.25,62.62
1769,20/02/2019,4522.11,61.93
1770,19/02/2019,4569.78,61.44
1771,15/02/2019,4563.36,61.63
1772,14/02/2019,4559.07,61.17
1773,13/02/2019,4571.93,61.66
1774,12/02/2019,4516.76,61.25
1775,11/02/2019,4478.73,60.72
1776,08/02/2019,4476.05,60.82
1777,07/02/2019,4449.27,60.82
1778,06/02/2019,4499.08,61.16
1779,05/02/2019,4390.36,61.11
1780,04/02/2019,4333.05,60.5
1781,01/02/2019,4282.70,59.88
1782,31/01/2019,4279.49,58.64
1783,30/01/2019,4309.48,59.65
1784,29/01/2019,4239.32,59.5
1785,28/01/2019,4244.14,58.19
1786,25/01/2019,4278.95,58.82
1787,24/01/2019,4331.44,59.31
1788,23/01/2019,4299.84,59.42
1789,22/01/2019,4334.65,58.42
1790,18/01/2019,4307.34,58.91
1791,17/01/2019,4282.16,58.03
1792,16/01/2019,4359.29,58.19
1793,15/01/2019,4323.94,58.37
1794,14/01/2019,4366.25,58.46
1795,11/01/2019,4388.75,59.03
1796,10/01/2019,4345.90,58.53
1797,09/01/2019,4397.32,58.51
1798,08/01/2019,4358.22,58.37
1799,07/01/2019,4436.42,58.67
1800,04/01/2019,4446.59,58.6
1801,03/01/2019,4421.96,58.29
1802,02/01/2019,4411.24,58.55
1803,31/12/2018,4372.15,59
1804,28/12/2018,4391.43,58.98
1805,27/12/2018,4450.88,57.84
1806,24/12/2018,4453.56,59.07
1807,21/12/2018,4501.76,59.22
1808,20/12/2018,4504.44,59.9
1809,19/12/2018,4493.19,59.59
1810,18/12/2018,4529.08,59.69
1811,17/12/2018,4602.46,60.59
1812,14/12/2018,4646.91,60.96
1813,13/12/2018,4647.98,61.75
1814,12/12/2018,4656.55,61.39
1815,11/12/2018,4558.00,60.66
1816,10/12/2018,4530.15,60.78
1817,07/12/2018,4458.38,60.87
1818,06/12/2018,4521.58,60.18
1819,04/12/2018,4553.18,61.66
1820,03/12/2018,4558.54,60.95
1821,30/11/2018,4567.64,61.11
1822,29/11/2018,4582.64,61.16
1823,28/11/2018,4577.82,61.37
1824,27/11/2018,4523.19,61.09
1825,26/11/2018,4593.35,60.75
1826,23/11/2018,4525.86,60.91
1827,21/11/2018,4600.31,61.56
1828,20/11/2018,4553.72,61.45
1829,19/11/2018,4577.82,61.91
1830,16/11/2018,4552.64,61.36
1831,15/11/2018,4459.45,61.1
1832,14/11/2018,4451.95,60.62
1833,13/11/2018,4449.27,60.57
1834,12/11/2018,4470.70,60.28
1835,09/11/2018,4374.29,60.74
1836,08/11/2018,4399.46,60.36
1837,07/11/2018,4380.71,60.93
1838,06/11/2018,4387.14,60.1
1839,05/11/2018,4379.11,60.04
1840,02/11/2018,4433.74,59.58
1841,01/11/2018,4391.96,59.79
1842,31/10/2018,4549.43,60.18
1843,30/10/2018,4487.30,59.47
1844,29/10/2018,4425.71,59.95
1845,26/10/2018,4505.51,60.54
1846,25/10/2018,4499.08,61.13
1847,24/10/2018,4460.52,61.03
1848,23/10/2018,4373.75,61.09
1849,22/10/2018,4431.60,61.34
1850,19/10/2018,4285.91,60.87
1851,18/10/2018,4231.28,58.92
1852,17/10/2018,4314.84,59.52
1853,16/10/2018,4282.16,60.28
1854,15/10/2018,4217.89,58.73
1855,12/10/2018,4225.93,58.66
1856,11/10/2018,4295.02,59.47
1857,10/10/2018,4335.72,60.08
1858,09/10/2018,4342.15,59.54
1859,08/10/2018,4342.15,59.41
1860,05/10/2018,4416.06,59.58
1861,04/10/2018,4477.66,60.33
1862,03/10/2018,4519.44,61.67
1863,02/10/2018,4496.41,61.14
1864,01/10/2018,4506.05,62.2
1865,28/09/2018,4536.58,61.99
1866,27/09/2018,4469.09,62.42
1867,26/09/2018,4472.30,61.81
1868,25/09/2018,4501.23,61.93
1869,24/09/2018,4556.93,62.37
1870,21/09/2018,4514.62,62.48
1871,20/09/2018,4433.74,62.2
1872,19/09/2018,4532.83,61.32
1873,18/09/2018,4558.00,62.94
1874,17/09/2018,4548.90,62.85
1875,14/09/2018,4596.03,63.05
1876,13/09/2018,4619.06,63.12
1877,12/09/2018,4596.03,62.79
1878,11/09/2018,4570.85,62.48
1879,10/09/2018,4547.29,62.43
1880,07/09/2018,4528.01,61.41
1881,06/09/2018,4574.07,61.64
1882,05/09/2018,4656.55,62.24
1883,04/09/2018,4740.64,62.76
1884,31/08/2018,4737.43,64.29
1885,30/08/2018,4744.39,64.87
1886,29/08/2018,4808.13,64.89
1887,28/08/2018,4803.31,65.19
1888,24/08/2018,4749.21,63.95
1889,23/08/2018,4759.39,64.22
1890,22/08/2018,4716.00,64.36
1891,21/08/2018,4757.25,64.09
1892,20/08/2018,4728.32,63.62
1893,17/08/2018,4716.00,62.96
1894,16/08/2018,4699.40,62.78
1895,15/08/2018,4704.22,62.26
1896,14/08/2018,4700.47,62.9
1897,13/08/2018,4677.44,62.83
1898,10/08/2018,4720.82,62.97
1899,09/08/2018,4754.03,64.37
1900,08/08/2018,4719.75,64.24
1901,07/08/2018,4721.36,64.34
1902,06/08/2018,4683.33,63.89
1903,03/08/2018,4665.12,63.64
1904,02/08/2018,4632.99,63.43
1905,01/08/2018,4670.48,64.25
1906,31/07/2018,4664.59,64.33
1907,30/07/2018,4615.85,63.95
1908,27/07/2018,4594.42,63.42
1909,26/07/2018,4598.17,63.23
1910,25/07/2018,4592.28,63.51
1911,24/07/2018,4620.13,63.33
1912,23/07/2018,4660.30,64.05
1913,20/07/2018,4654.41,64.27
1914,19/07/2018,4489.98,62.91
1915,18/07/2018,4526.40,62.16
1916,17/07/2018,4488.37,61.72
1917,16/07/2018,4499.08,62.56
1918,13/07/2018,4504.98,62.35
1919,12/07/2018,4482.48,62.15
1920,11/07/2018,4495.87,62.45
1921,10/07/2018,4506.58,62.53
1922,09/07/2018,4509.80,63
1923,06/07/2018,4513.55,62.94
1924,05/07/2018,4524.79,62.64
1925,03/07/2018,4460.52,62.7
1926,02/07/2018,4455.16,61.65
1927,29/06/2018,4499.08,62.47
1928,28/06/2018,4442.31,61.43
1929,27/06/2018,4428.92,61.82
1930,26/06/2018,4420.35,61.76
1931,25/06/2018,4427.85,62
1932,22/06/2018,4373.22,61.59
1933,21/06/2018,4390.89,60.96
1934,20/06/2018,4355.01,60.98
1935,19/06/2018,4311.09,60.06
1936,18/06/2018,4361.97,60.5
1937,15/06/2018,4310.02,61.31
1938,14/06/2018,4416.06,60.51
1939,13/06/2018,4455.70,62.56
1940,12/06/2018,4459.45,62.7
1941,11/06/2018,4429.99,62.24
1942,08/06/2018,4358.22,61.98
1943,07/06/2018,4405.35,61.76
1944,06/06/2018,4450.88,62.18
1945,05/06/2018,4464.27,62.7
1946,04/06/2018,4466.41,62.72
1947,01/06/2018,4473.91,62.38
1948,31/05/2018,4508.72,62.76
1949,30/05/2018,4475.52,62.62
1950,29/05/2018,4457.31,62.28
1951,25/05/2018,4472.84,62.38
1952,24/05/2018,4494.26,62.96
1953,23/05/2018,4487.84,62.9
1954,22/05/2018,4483.02,63.24
1955,21/05/2018,4460.52,63.1
1956,18/05/2018,4391.96,62.75
1957,17/05/2018,4378.57,62.22
1958,16/05/2018,4387.14,61.8
1959,15/05/2018,4414.46,62.19
1960,14/05/2018,4431.06,63.71
1961,11/05/2018,4424.10,63
1962,10/05/2018,4380.71,62.75
1963,09/05/2018,4320.73,62.08
1964,08/05/2018,4265.02,61.65
1965,04/05/2018,4243.60,60.26
1966,03/05/2018,4237.17,60.33
1967,02/05/2018,4391.96,61.58
1968,01/05/2018,4360.36,62.44
1969,30/04/2018,4363.04,63.36
1970,27/04/2018,4243.60,62.35
1971,26/04/2018,4227.53,62.16
1972,25/04/2018,4188.43,61.52
1973,24/04/2018,4147.73,61.59
1974,23/04/2018,4131.12,60.93
1975,20/04/2018,4154.69,61.34
1976,19/04/2018,4258.06,61.84
1977,18/04/2018,4215.21,63.37
1978,17/04/2018,4171.29,62.98
1979,16/04/2018,4216.28,63.07
1980,13/04/2018,4217.36,62.74
1981,12/04/2018,4217.89,63.02
1982,11/04/2018,4192.72,62.96
1983,10/04/2018,4282.16,63.11
1984,09/04/2018,4301.45,63.52
1985,06/04/2018,4307.87,63.59
1986,05/04/2018,4293.95,63.17
1987,04/04/2018,4190.58,62.63
1988,03/04/2018,4188.43,62.26
1989,29/03/2018,4222.71,62.71
1990,28/03/2018,4022.93,61.34
1991,27/03/2018,4004.18,59.67
1992,26/03/2018,4013.29,59.32
1993,23/03/2018,3981.69,59.47
1994,22/03/2018,3988.65,59.21
1995,21/03/2018,4029.89,59.25
1996,20/03/2018,4043.28,59.2
1997,19/03/2018,4098.99,59.41
1998,16/03/2018,4030.96,58.96
1999,15/03/2018,4098.45,58.94
2000,14/03/2018,4062.57,60.26
2001,13/03/2018,4167.54,60.19
2002,12/03/2018,4199.14,60.81
2003,09/03/2018,4160.05,60.65
2004,08/03/2018,4050.78,60.14
2005,07/03/2018,4005.26,59.29
2006,06/03/2018,4055.07,59.1
2007,05/03/2018,3979.01,58.05
2008,02/03/2018,3968.83,57.78
2009,01/03/2018,4003.11,57.27
2010,28/02/2018,3993.47,58.65
2011,27/02/2018,4112.91,59.41
2012,26/02/2018,4044.89,60.42
2013,23/02/2018,4004.72,59.43
2014,22/02/2018,3970.44,58.5
2015,21/02/2018,3998.83,58.83
2016,20/02/2018,4002.58,59.18
2017,16/02/2018,4070.60,60.24
2018,15/02/2018,4070.06,59.52
2019,14/02/2018,4075.96,59.36
2020,13/02/2018,4097.38,59.57
2021,12/02/2018,4082.92,59.54
2022,09/02/2018,4078.10,59.22
2023,08/02/2018,4116.66,60.57
2024,07/02/2018,4121.48,60.42
2025,06/02/2018,4130.05,60.26
2026,05/02/2018,4279.49,62.63
2027,02/02/2018,4310.55,64.5
2028,01/02/2018,4349.11,64.71
2029,31/01/2018,4287.52,63.96
2030,30/01/2018,4232.89,63.8
2031,29/01/2018,4283.23,62.89
2032,26/01/2018,4292.34,64.25
2033,25/01/2018,4308.94,64.68
2034,24/01/2018,4371.61,65.07
2035,23/01/2018,4386.07,64.43
2036,22/01/2018,4371.07,63.91
2037,19/01/2018,4310.55,63.75
2038,18/01/2018,4308.41,62.53
2039,17/01/2018,4276.81,62.85
2040,16/01/2018,4293.41,61.59
2041,12/01/2018,4281.63,61.03
2042,11/01/2018,4291.27,61.02
2043,10/01/2018,4352.86,61.21
2044,09/01/2018,4385.00,62.15
2045,08/01/2018,4368.40,62.24
2046,05/01/2018,4321.26,62.21
2047,04/01/2018,4349.11,61.88
2048,03/01/2018,4329.83,61.71
2049,02/01/2018,4416.06,62.09
2050,29/12/2017,4407.50,62.63
2051,28/12/2017,4429.46,62.56
2052,27/12/2017,4391.96,62.24
2053,22/12/2017,4413.92,62.11
2054,21/12/2017,4412.32,62.01
2055,20/12/2017,4468.55,62.65
2056,19/12/2017,4502.30,63.25
2057,18/12/2017,4470.16,63.2
2058,15/12/2017,4433.20,62.7
2059,14/12/2017,4484.09,62.88
2060,13/12/2017,4499.08,62.97
2061,12/12/2017,4502.30,63.03
2062,11/12/2017,4496.94,63.07
2063,08/12/2017,4456.77,63.03
2064,07/12/2017,4490.51,63.19
2065,06/12/2017,4453.02,62.97
2066,05/12/2017,4459.98,62.94
2067,04/12/2017,4468.02,62.91
2068,01/12/2017,4454.09,63.05
2069,30/11/2017,4526.40,63.87
2070,29/11/2017,4597.64,63.8
2071,28/11/2017,4547.29,64.69
2072,27/11/2017,4550.50,64.32
2073,24/11/2017,4546.22,63.69
2074,22/11/2017,4518.90,63.29
2075,21/11/2017,4474.45,62.85
2076,20/11/2017,4432.67,62.55
2077,17/11/2017,4512.47,62.19
2078,16/11/2017,4525.33,62.79
2079,15/11/2017,4516.76,62.87
2080,14/11/2017,4551.04,62.39
2081,13/11/2017,4564.43,62.54
2082,10/11/2017,4561.75,62.62
2083,09/11/2017,4580.50,62.94
2084,08/11/2017,4540.86,62.49
2085,07/11/2017,4568.71,62.44
2086,06/11/2017,4555.32,62.75
2087,03/11/2017,4572.46,62.91
2088,02/11/2017,4516.76,62.71
2089,01/11/2017,4573.00,63.62
2090,31/10/2017,4510.87,63.32
2091,30/10/2017,4526.94,62.39
2092,27/10/2017,4541.93,62.12
2093,26/10/2017,4412.85,62.07
2094,25/10/2017,4400.00,60.91
2095,24/10/2017,4421.96,61.18
2096,23/10/2017,4446.59,61.46
2097,20/10/2017,4584.78,62.35
2098,19/10/2017,4729.93,64.34
2099,18/10/2017,4833.84,67.32
2100,17/10/2017,4815.63,66.97
2101,16/10/2017,4814.56,67.34
2102,13/10/2017,4813.48,67.55
2103,12/10/2017,4714.93,66.23
2104,11/10/2017,4711.18,65.4
2105,10/10/2017,4669.41,64.99
2106,09/10/2017,4679.05,64.4
2107,06/10/2017,4727.79,64.35
2108,05/10/2017,4675.83,65.07
2109,04/10/2017,4662.98,65
2110,03/10/2017,4677.44,65.06
2111,02/10/2017,4641.02,65.25
2112,29/09/2017,4584.24,65.06
2113,28/09/2017,4553.72,64.17
2114,27/09/2017,4579.96,64.07
2115,26/09/2017,4564.43,64.6
2116,25/09/2017,4540.33,64.68
2117,22/09/2017,4547.82,65.01
2118,21/09/2017,4637.27,64.92
2119,20/09/2017,4692.44,66.36
2120,19/09/2017,4682.80,66.7
2121,18/09/2017,4655.48,66.66
2122,15/09/2017,4683.87,66.39
2123,14/09/2017,4760.99,65.87
2124,13/09/2017,4740.64,66.41
2125,12/09/2017,4846.16,66.41
2126,11/09/2017,4829.55,66.89
2127,08/09/2017,4852.58,66.77
2128,07/09/2017,4819.38,66.59
2129,06/09/2017,4776.53,65.88
2130,05/09/2017,4833.30,65.34
2131,01/09/2017,4822.59,65.85
2132,31/08/2017,4796.88,65.07
2133,30/08/2017,4824.20,65.13
2134,29/08/2017,4782.42,65.32
2135,25/08/2017,4827.41,65.08
2136,24/08/2017,4841.87,65.25
2137,23/08/2017,4831.69,64.99
2138,22/08/2017,4810.81,65
2139,21/08/2017,4746.53,64.54
2140,18/08/2017,4758.85,64.28
2141,17/08/2017,4785.63,64.69
2142,16/08/2017,4807.59,64.79
2143,15/08/2017,4733.14,64.34
2144,14/08/2017,4697.79,64.37
2145,11/08/2017,4684.94,64.2
2146,10/08/2017,4737.43,63.98
2147,09/08/2017,4709.04,64.27
2148,08/08/2017,4712.79,64.38
2149,07/08/2017,4669.94,64.02
2150,04/08/2017,4634.59,63.98
2151,03/08/2017,4567.11,63.84
2152,02/08/2017,4627.63,63.5
2153,01/08/2017,4669.41,63.96
2154,31/07/2017,4621.74,64.31
2155,28/07/2017,4665.12,63.73
2156,27/07/2017,4658.16,64.52
2157,26/07/2017,4656.55,64.02
2158,25/07/2017,4642.09,64.1
2159,24/07/2017,4698.33,63.65
2160,21/07/2017,4682.26,64.1
2161,20/07/2017,4641.55,63.68
2162,19/07/2017,4593.35,63.27
2163,18/07/2017,4590.67,62.75
2164,17/07/2017,4578.35,62.9
2165,14/07/2017,4578.89,62.62
2166,13/07/2017,4576.75,62.25
2167,12/07/2017,4530.15,61.77
2168,11/07/2017,4495.87,60.92
2169,10/07/2017,4506.05,61
2170,07/07/2017,4429.46,60.46
2171,06/07/2017,4446.59,60.14
2172,05/07/2017,4444.99,60.36
2173,03/07/2017,4448.74,60.57
2174,30/06/2017,4440.70,60.99
2175,29/06/2017,4562.82,61.48
2176,28/06/2017,4586.92,61.97
2177,27/06/2017,4627.63,61.75
2178,26/06/2017,4590.67,62.35
2179,23/06/2017,4593.89,61.29
2180,22/06/2017,4611.03,61.28
2181,21/06/2017,4612.10,61.29
2182,20/06/2017,4632.99,61.83
2183,19/06/2017,4612.10,61.73
2184,16/06/2017,4561.21,61.65
2185,15/06/2017,4526.94,60.49
2186,14/06/2017,4538.18,61.29
2187,13/06/2017,4601.92,61.03
2188,12/06/2017,4616.38,61.44
2189,09/06/2017,4647.98,61.93
2190,08/06/2017,4644.23,62.51
2191,07/06/2017,4664.59,63.47
2192,06/06/2017,4658.69,63.2
2193,05/06/2017,4673.16,63.17
2194,02/06/2017,4682.26,63.23
2195,01/06/2017,4628.16,63.11
2196,31/05/2017,4632.45,62.96
2197,30/05/2017,4579.42,61.82
2198,26/05/2017,4588.53,61.77
2199,25/05/2017,4519.97,62.18
2200,24/05/2017,4473.37,61.55
2201,23/05/2017,4496.41,61.46
2202,22/05/2017,4446.59,61.18
2203,19/05/2017,4410.17,60.49
2204,18/05/2017,4480.34,59.92
2205,17/05/2017,4457.31,60.58
2206,16/05/2017,4409.64,60.4
2207,15/05/2017,4388.75,59.65
2208,12/05/2017,4384.46,59.13
2209,11/05/2017,4364.11,59.34
2210,10/05/2017,4313.76,59.11
2211,09/05/2017,4331.44,59.18
2212,08/05/2017,4274.13,58.82
2213,05/05/2017,4276.81,58.19
2214,04/05/2017,4307.34,57.98
2215,03/05/2017,4311.62,57.7
2216,02/05/2017,4281.09,58.43
2217,28/04/2017,4251.63,57.62
2218,27/04/2017,4273.06,57.69
2219,26/04/2017,4300.91,57.93
2220,25/04/2017,4328.76,57.98
2221,24/04/2017,4277.34,57.87
2222,21/04/2017,4216.28,56.49
2223,20/04/2017,4265.56,57.49
2224,19/04/2017,4233.96,56.84
2225,18/04/2017,4337.33,56.98
2226,13/04/2017,4334.12,56.89
2227,12/04/2017,4327.15,56.77
2228,11/04/2017,4316.98,56.76
2229,10/04/2017,4333.05,56.25
2230,07/04/2017,4260.74,55.97
2231,06/04/2017,4187.36,55.99
2232,05/04/2017,4215.21,55.34
2233,04/04/2017,4208.25,55.02
2234,03/04/2017,4231.28,55.38
2235,31/03/2017,4237.17,55.46
2236,30/03/2017,4318.05,55.99
2237,29/03/2017,4315.37,56.1
2238,28/03/2017,4283.77,56.27
2239,27/03/2017,4285.38,56.88
2240,24/03/2017,4323.41,56.69
2241,23/03/2017,4301.98,56.22
2242,22/03/2017,4299.30,56.5
2243,21/03/2017,4374.29,56.82
2244,20/03/2017,4327.69,56.62
2245,17/03/2017,4323.94,56.44
2246,16/03/2017,4361.97,56.22
2247,15/03/2017,4295.55,55.06
2248,14/03/2017,4284.84,55.1
2249,13/03/2017,4337.33,54.99
2250,10/03/2017,4277.88,55.1
2251,09/03/2017,4193.79,54.25
2252,08/03/2017,4191.65,53.39
2253,07/03/2017,4168.62,53.66
2254,06/03/2017,4134.34,53.43
2255,03/03/2017,4124.16,53.2
2256,02/03/2017,4136.48,52.93
2257,01/03/2017,4111.31,53.46
2258,28/02/2017,4110.23,53.46
2259,27/02/2017,4070.60,53.4
2260,24/02/2017,4002.04,53.12
2261,23/02/2017,4043.82,52.93
2262,22/02/2017,3810.83,52.02
2263,21/02/2017,3795.83,50.03
2264,17/02/2017,3599.27,53.18
2265,16/02/2017,3555.35,47.49
2266,15/02/2017,3527.50,46.73
2267,14/02/2017,3528.57,46.96
2268,13/02/2017,3537.14,47.09
2269,10/02/2017,3571.42,46.81
2270,09/02/2017,3568.20,47.32
2271,08/02/2017,3525.35,47.16
2272,07/02/2017,3491.61,46.77
2273,06/02/2017,3508.21,46.26
2274,03/02/2017,3494.29,46.68
2275,02/02/2017,3425.73,46.41
2276,01/02/2017,3481.43,46.13
2277,31/01/2017,3484.11,46.04
2278,30/01/2017,3439.66,45.66
2279,27/01/2017,3417.16,45.99
2280,26/01/2017,3449.30,45.55
2281,25/01/2017,3599.27,47.73
2282,24/01/2017,3592.84,47.45
2283,23/01/2017,3557.49,47.31
2284,20/01/2017,3581.06,46.88
2285,19/01/2017,3605.69,46.64
2286,18/01/2017,3588.55,46.8
2287,17/01/2017,3635.69,46.65
2288,13/01/2017,3633.55,46.62
2289,12/01/2017,3578.91,46.64
2290,11/01/2017,3569.27,46.17
2291,10/01/2017,3600.87,46.19
2292,09/01/2017,3543.56,46.08
2293,06/01/2017,3531.25,46.01
2294,05/01/2017,3529.10,46.08
2295,04/01/2017,3517.85,45.82
2296,03/01/2017,3545.71,45.39
2297,30/12/2016,3524.82,45.88
2298,29/12/2016,3505.54,45.52
2299,28/12/2016,3514.64,45.28
2300,23/12/2016,3506.07,45.63
2301,22/12/2016,3460.01,45.55
2302,21/12/2016,3462.69,45.35
2303,20/12/2016,3434.84,45.26
2304,19/12/2016,3390.92,45.18
2305,16/12/2016,3384.49,44.76
2306,15/12/2016,3401.63,44.6
2307,14/12/2016,3406.45,45.77
2308,13/12/2016,3369.49,45.64
2309,12/12/2016,3352.89,44.64
2310,09/12/2016,3313.79,44.48
2311,08/12/2016,3351.82,44.17
2312,07/12/2016,3344.32,44.52
2313,06/12/2016,3345.39,44.94
2314,05/12/2016,3319.68,45.16
2315,02/12/2016,3310.04,44.33
2316,01/12/2016,3370.03,44.31
2317,30/11/2016,3358.24,45.87
2318,29/11/2016,3368.96,44.37
2319,28/11/2016,3387.17,44.45
2320,25/11/2016,3350.21,44.76
2321,23/11/2016,3360.92,43.64
2322,22/11/2016,3345.39,44.09
2323,21/11/2016,3361.46,43.82
2324,18/11/2016,3366.28,43.49
2325,17/11/2016,3365.74,43.81
2326,16/11/2016,3415.55,43.89
2327,15/11/2016,3385.56,44.34
2328,14/11/2016,3419.30,44.31
2329,11/11/2016,3404.84,44.72
2330,10/11/2016,3553.74,44.79
2331,09/11/2016,3566.06,45.83
2332,08/11/2016,3603.55,46.97
2333,07/11/2016,3603.55,46.7
2334,04/11/2016,3584.27,46.79
2335,03/11/2016,3649.08,47.1
2336,02/11/2016,3688.71,47.51
2337,01/11/2016,3664.08,47.52
2338,31/10/2016,3684.96,46.74
2339,28/10/2016,3672.11,47.05
2340,27/10/2016,3661.40,47.25
2341,26/10/2016,3736.92,46.98
2342,25/10/2016,3719.78,47.7
2343,24/10/2016,3742.81,47.88
2344,21/10/2016,3736.38,47.69
2345,20/10/2016,3717.10,47.81
2346,19/10/2016,3740.13,47.94
2347,18/10/2016,3749.24,48.52
2348,17/10/2016,3775.48,48.02
2349,14/10/2016,3818.33,48.66
2350,13/10/2016,3931.34,48.96
2351,12/10/2016,4018.11,51.38
2352,11/10/2016,4021.86,52.13
2353,10/10/2016,4000.44,52.14
2354,07/10/2016,3996.15,52.26
2355,06/10/2016,3958.12,52.32
2356,05/10/2016,4032.57,53.09
2357,04/10/2016,3983.83,54.34
2358,03/10/2016,3924.91,53.48
2359,30/09/2016,3882.60,53.06
2360,29/09/2016,3920.63,53.39
2361,28/09/2016,3897.06,53.6
2362,27/09/2016,3878.85,52.91
2363,26/09/2016,3874.57,52.44
2364,23/09/2016,3888.49,53.01
2365,22/09/2016,3815.65,53.43
2366,21/09/2016,3847.79,51.75
2367,20/09/2016,3822.61,52.31
2368,19/09/2016,3804.94,52.46
2369,16/09/2016,3801.19,51.85
2370,15/09/2016,3765.30,52.25
2371,14/09/2016,3773.87,52.13
2372,13/09/2016,3774.41,52.27
2373,12/09/2016,3742.81,52.16
2374,09/09/2016,3818.87,53.02
2375,08/09/2016,3882.07,53.79
2376,07/09/2016,3875.10,54.52
2377,06/09/2016,3899.74,54.33
2378,02/09/2016,3792.08,54.56
2379,01/09/2016,3814.04,52.55
2380,31/08/2016,3821.01,52.09
2381,30/08/2016,3842.43,52.72
2382,26/08/2016,3810.30,52.68
2383,25/08/2016,3782.44,52.63
2384,24/08/2016,3796.91,52.71
2385,23/08/2016,3831.72,53.07
2386,22/08/2016,3852.07,52.54
2387,19/08/2016,3854.22,52.81
2388,18/08/2016,3884.21,53.27
2389,17/08/2016,3868.68,52.92
2390,16/08/2016,3893.85,52.66
2391,15/08/2016,3878.32,52.55
2392,12/08/2016,3885.82,52.75
2393,11/08/2016,3831.72,52.7
2394,10/08/2016,3825.83,52.18
2395,09/08/2016,3780.84,51.86
2396,08/08/2016,3793.16,51.53
2397,05/08/2016,3767.45,51.87
2398,04/08/2016,3707.99,51.63
2399,03/08/2016,3778.16,51.82
2400,02/08/2016,3840.29,53.13
2401,01/08/2016,3810.30,52.37
2402,29/07/2016,3780.30,52.17
2403,28/07/2016,3780.84,52.43
2404,27/07/2016,3825.83,52.25
2405,26/07/2016,3797.44,52.7
2406,25/07/2016,3807.62,52.38
2407,22/07/2016,3787.26,52.27
2408,21/07/2016,3872.43,52.59
2409,20/07/2016,3842.97,52.93
2410,19/07/2016,3835.47,52.91
2411,18/07/2016,3844.57,53.38
2412,15/07/2016,3798.51,53.45
2413,14/07/2016,3882.07,53.88
2414,13/07/2016,3822.08,53.3
2415,12/07/2016,3902.42,53.2
2416,11/07/2016,3932.41,53.11
2417,08/07/2016,3919.56,53.43
2418,07/07/2016,3898.13,53.64
2419,06/07/2016,3931.34,52.75
2420,05/07/2016,3856.36,53.79
2421,01/07/2016,3840.29,54.29
2422,30/06/2016,3707.46,52.85
2423,29/06/2016,3642.12,51.85
2424,28/06/2016,3600.34,51.12
2425,27/06/2016,3470.72,49.69
2426,24/06/2016,3389.85,50.54
2427,23/06/2016,3428.41,53.06
2428,22/06/2016,3403.24,52.27
2429,21/06/2016,3320.22,51.59
2430,20/06/2016,3337.89,51.53
2431,17/06/2016,3332.00,49.71
2432,16/06/2016,3293.44,48.92
2433,15/06/2016,3294.51,49.55
2434,14/06/2016,3328.79,49.1
2435,13/06/2016,3375.38,50.11
2436,10/06/2016,3437.51,51.15
2437,09/06/2016,3459.47,52.38
2438,08/06/2016,3460.01,52.81
2439,07/06/2016,3467.51,53.12
2440,06/06/2016,3435.37,52.71
2441,03/06/2016,3396.81,51.86
2442,02/06/2016,3406.98,51.4
2443,01/06/2016,3367.35,51.44
2444,31/05/2016,3380.20,52.35
2445,27/05/2016,3347.00,51.78
2446,26/05/2016,3312.18,51.57
2447,25/05/2016,3362.53,51.66
2448,24/05/2016,3284.87,50.69
2449,23/05/2016,3305.22,50.01
2450,20/05/2016,3290.76,50.54
2451,19/05/2016,3289.15,50.25
2452,18/05/2016,3308.43,50.52
2453,17/05/2016,3376.46,50.9
2454,16/05/2016,3361.99,50.93
2455,13/05/2016,3357.71,51.12
2456,12/05/2016,3366.28,51.64
2457,11/05/2016,3374.31,51.38
2458,10/05/2016,3403.24,51.27
2459,09/05/2016,3355.57,51.1
2460,06/05/2016,3310.04,50.37
2461,05/05/2016,3314.33,50.39
2462,04/05/2016,3300.93,50.1
2463,03/05/2016,3293.97,50.64
2464,29/04/2016,3307.36,50.23
2465,28/04/2016,3318.07,50.32
2466,27/04/2016,3356.64,50.78
2467,26/04/2016,3419.84,51.77
2468,25/04/2016,3406.45,51.49